Sl no.,District Name,Market Name,Commodity,Variety,Grade,Min Price (Rs./Quintal),Max Price (Rs./Quintal),Modal Price (Rs./Quintal),date
1057,Ajmer,Ajmer(F&V),Guava,Other,Small,800,1400,1200,02-Jan-14
1037,Ajmer,Ajmer(F&V),Guava,Other,Small,700,1400,950,03-Jan-14
1049,Ajmer,Ajmer(F&V),Guava,Other,Small,800,1300,1000,06-Jan-14
1042,Ajmer,Ajmer(F&V),Guava,Other,Small,800,1200,900,07-Jan-14
1043,Ajmer,Ajmer(F&V),Guava,Other,Small,800,1200,950,08-Jan-14
1044,Ajmer,Ajmer(F&V),Guava,Other,Small,800,1200,950,09-Jan-14
1033,Ajmer,Ajmer(F&V),Guava,Other,Small,700,1200,800,11-Jan-14
1148,Ajmer,Ajmer(F&V),Guava,Other,Small,850,1200,1000,12-Jan-14
1028,Ajmer,Ajmer(F&V),Guava,Other,Small,700,1000,800,13-Jan-14
1036,Ajmer,Ajmer(F&V),Guava,Other,Small,700,1300,900,15-Jan-14
1050,Ajmer,Ajmer(F&V),Guava,Other,Small,800,1300,1000,18-Jan-14
1053,Ajmer,Ajmer(F&V),Guava,Other,Small,800,1400,1100,19-Jan-14
1029,Ajmer,Ajmer(F&V),Guava,Other,Small,700,1000,800,20-Jan-14
1034,Ajmer,Ajmer(F&V),Guava,Other,Small,700,1200,800,21-Jan-14
1045,Ajmer,Ajmer(F&V),Guava,Other,Small,800,1200,950,22-Jan-14
1032,Ajmer,Ajmer(F&V),Guava,Other,Small,700,1000,850,24-Jan-14
1035,Ajmer,Ajmer(F&V),Guava,Other,Small,700,1200,900,27-Jan-14
1030,Ajmer,Ajmer(F&V),Guava,Other,Small,700,1000,800,28-Jan-14
1031,Ajmer,Ajmer(F&V),Guava,Other,Small,700,1000,800,29-Jan-14
1039,Ajmer,Ajmer(F&V),Guava,Other,Small,800,1100,900,30-Jan-14
1040,Ajmer,Ajmer(F&V),Guava,Other,Small,800,1100,950,31-Jan-14
1047,Ajmer,Ajmer(F&V),Guava,Other,Small,800,1300,1000,01-Feb-14
1158,Ajmer,Ajmer(F&V),Guava,Other,Small,1000,1500,1300,03-Feb-14
1038,Ajmer,Ajmer(F&V),Guava,Other,Small,750,1100,850,04-Feb-14
1041,Ajmer,Ajmer(F&V),Guava,Other,Small,800,1200,900,05-Feb-14
1048,Ajmer,Ajmer(F&V),Guava,Other,Small,800,1300,1000,06-Feb-14
1052,Ajmer,Ajmer(F&V),Guava,Other,Small,800,1400,1100,07-Feb-14
1051,Ajmer,Ajmer(F&V),Guava,Other,Small,800,1300,1100,10-Feb-14
1046,Ajmer,Ajmer(F&V),Guava,Other,Small,800,1300,950,11-Feb-14
1150,Ajmer,Ajmer(F&V),Guava,Other,Small,900,0,1300,12-Feb-14
1157,Ajmer,Ajmer(F&V),Guava,Other,Small,1000,1500,1200,17-Feb-14
1183,Ajmer,Ajmer(F&V),Guava,Other,Small,1100,1600,1400,18-Feb-14
1151,Ajmer,Ajmer(F&V),Guava,Other,Small,900,1500,1200,20-Feb-14
1182,Ajmer,Ajmer(F&V),Guava,Other,Small,1100,1600,1300,24-Feb-14
1184,Ajmer,Ajmer(F&V),Guava,Other,Small,1200,1800,1500,27-Feb-14
1167,Ajmer,Ajmer(F&V),Guava,Other,Small,1000,1800,1500,02-Apr-14
1170,Ajmer,Ajmer(F&V),Guava,Other,Small,1000,1800,1500,13-Aug-14
1165,Ajmer,Ajmer(F&V),Guava,Other,Small,1000,1800,1400,14-Aug-14
1166,Ajmer,Ajmer(F&V),Guava,Other,Small,1000,1800,1400,19-Aug-14
1164,Ajmer,Ajmer(F&V),Guava,Other,Small,1000,1800,1300,20-Aug-14
1176,Ajmer,Ajmer(F&V),Guava,Other,Small,1000,2000,1400,21-Aug-14
1180,Ajmer,Ajmer(F&V),Guava,Other,Small,1000,2000,1600,25-Aug-14
1025,Ajmer,Ajmer(F&V),Guava,Other,Medium,0,0,1600,26-Aug-14
1177,Ajmer,Ajmer(F&V),Guava,Other,Small,1000,2000,1500,27-Aug-14
1147,Ajmer,Ajmer(F&V),Guava,Other,Small,800,2000,1600,29-Aug-14
1027,Ajmer,Ajmer(F&V),Guava,Other,Small,0,0,1500,31-Aug-14
1129,Ajmer,Ajmer(F&V),Guava,Other,Small,800,1800,1500,02-Sep-14
1160,Ajmer,Ajmer(F&V),Guava,Other,Small,1000,1600,1400,03-Sep-14
1073,Ajmer,Ajmer(F&V),Guava,Other,Small,800,1600,1300,04-Sep-14
1159,Ajmer,Ajmer(F&V),Guava,Other,Small,1000,1600,1300,05-Sep-14
1026,Ajmer,Ajmer(F&V),Guava,Other,Small,0,0,1400,07-Sep-14
1069,Ajmer,Ajmer(F&V),Guava,Other,Small,800,1600,1200,10-Sep-14
1067,Ajmer,Ajmer(F&V),Guava,Other,Small,800,1500,1300,11-Sep-14
1171,Ajmer,Ajmer(F&V),Guava,Other,Small,1000,1800,1500,16-Sep-14
1179,Ajmer,Ajmer(F&V),Guava,Other,Small,1000,2000,1600,23-Sep-14
1162,Ajmer,Ajmer(F&V),Guava,Other,Small,1000,1600,1400,16-Oct-14
1173,Ajmer,Ajmer(F&V),Guava,Other,Small,1000,1800,1500,31-Oct-14
1152,Ajmer,Ajmer(F&V),Guava,Other,Small,900,1600,1300,02-Nov-14
1093,Ajmer,Ajmer(F&V),Guava,Other,Small,800,1600,1400,07-Nov-14
1064,Ajmer,Ajmer(F&V),Guava,Other,Small,800,1500,1200,08-Nov-14
1095,Ajmer,Ajmer(F&V),Guava,Other,Small,800,1600,1400,09-Nov-14
1096,Ajmer,Ajmer(F&V),Guava,Other,Small,800,1600,1400,10-Nov-14
1118,Ajmer,Ajmer(F&V),Guava,Other,Small,800,1600,1500,11-Nov-14
1099,Ajmer,Ajmer(F&V),Guava,Other,Small,800,1600,1400,12-Nov-14
1068,Ajmer,Ajmer(F&V),Guava,Other,Small,800,1500,1300,13-Nov-14
1126,Ajmer,Ajmer(F&V),Guava,Other,Small,800,1800,1400,14-Nov-14
1123,Ajmer,Ajmer(F&V),Guava,Other,Small,800,1800,1300,15-Nov-14
1106,Ajmer,Ajmer(F&V),Guava,Other,Small,800,1600,1400,16-Nov-14
1109,Ajmer,Ajmer(F&V),Guava,Other,Small,800,1600,1400,18-Nov-14
1111,Ajmer,Ajmer(F&V),Guava,Other,Small,800,1600,1400,20-Nov-14
1112,Ajmer,Ajmer(F&V),Guava,Other,Small,800,1600,1400,21-Nov-14
1156,Ajmer,Ajmer(F&V),Guava,Other,Small,900,1800,1500,22-Nov-14
1127,Ajmer,Ajmer(F&V),Guava,Other,Small,800,1800,1400,23-Nov-14
1084,Ajmer,Ajmer(F&V),Guava,Other,Small,800,1600,1300,24-Nov-14
1138,Ajmer,Ajmer(F&V),Guava,Other,Small,800,1800,1500,26-Nov-14
1175,Ajmer,Ajmer(F&V),Guava,Other,Small,1000,1800,1600,27-Nov-14
1172,Ajmer,Ajmer(F&V),Guava,Other,Small,1000,1800,1500,28-Nov-14
1124,Ajmer,Ajmer(F&V),Guava,Other,Small,800,1800,1400,01-Dec-14
1168,Ajmer,Ajmer(F&V),Guava,Other,Small,1000,1800,1500,02-Dec-14
1169,Ajmer,Ajmer(F&V),Guava,Other,Small,1000,1800,1500,03-Dec-14
1163,Ajmer,Ajmer(F&V),Guava,Other,Small,1000,1600,1500,04-Dec-14
1174,Ajmer,Ajmer(F&V),Guava,Other,Small,1000,1800,1600,05-Dec-14
1116,Ajmer,Ajmer(F&V),Guava,Other,Small,800,1600,1500,08-Dec-14
1094,Ajmer,Ajmer(F&V),Guava,Other,Small,800,1600,1400,09-Dec-14
1142,Ajmer,Ajmer(F&V),Guava,Other,Small,800,1800,1600,10-Dec-14
1097,Ajmer,Ajmer(F&V),Guava,Other,Small,800,1600,1400,11-Dec-14
1143,Ajmer,Ajmer(F&V),Guava,Other,Small,800,1800,1600,12-Dec-14
1102,Ajmer,Ajmer(F&V),Guava,Other,Small,800,1600,1400,15-Dec-14
1080,Ajmer,Ajmer(F&V),Guava,Other,Small,800,1600,1300,16-Dec-14
1107,Ajmer,Ajmer(F&V),Guava,Other,Small,800,1600,1400,17-Dec-14
1121,Ajmer,Ajmer(F&V),Guava,Other,Small,800,1600,1500,18-Dec-14
1133,Ajmer,Ajmer(F&V),Guava,Other,Small,800,1800,1500,19-Dec-14
1145,Ajmer,Ajmer(F&V),Guava,Other,Small,800,1800,1600,20-Dec-14
1135,Ajmer,Ajmer(F&V),Guava,Other,Small,800,1800,1500,21-Dec-14
1136,Ajmer,Ajmer(F&V),Guava,Other,Small,800,1800,1500,22-Dec-14
1146,Ajmer,Ajmer(F&V),Guava,Other,Small,800,1800,1600,23-Dec-14
1137,Ajmer,Ajmer(F&V),Guava,Other,Small,800,1800,1500,26-Dec-14
1149,Ajmer,Ajmer(F&V),Guava,Other,Small,850,1600,1500,27-Dec-14
1087,Ajmer,Ajmer(F&V),Guava,Other,Small,800,1600,1300,28-Dec-14
1139,Ajmer,Ajmer(F&V),Guava,Other,Small,800,1800,1500,29-Dec-14
1128,Ajmer,Ajmer(F&V),Guava,Other,Small,800,1800,1400,30-Dec-14
1140,Ajmer,Ajmer(F&V),Guava,Other,Small,800,1800,1500,31-Dec-14
1114,Ajmer,Ajmer(F&V),Guava,Other,Small,800,1600,1500,01-Jan-15
1115,Ajmer,Ajmer(F&V),Guava,Other,Small,800,1600,1500,02-Jan-15
1091,Ajmer,Ajmer(F&V),Guava,Other,Small,800,1600,1400,03-Jan-15
1072,Ajmer,Ajmer(F&V),Guava,Other,Small,800,1600,1300,04-Jan-15
1161,Ajmer,Ajmer(F&V),Guava,Other,Small,1000,1600,1400,06-Jan-15
1154,Ajmer,Ajmer(F&V),Guava,Other,Small,900,1600,1500,07-Jan-15
1153,Ajmer,Ajmer(F&V),Guava,Other,Small,900,1600,1400,08-Jan-15
1117,Ajmer,Ajmer(F&V),Guava,Other,Small,800,1600,1500,09-Jan-15
1077,Ajmer,Ajmer(F&V),Guava,Other,Small,800,1600,1300,10-Jan-15
1070,Ajmer,Ajmer(F&V),Guava,Other,Small,800,1600,1200,11-Jan-15
1098,Ajmer,Ajmer(F&V),Guava,Other,Small,800,1600,1400,12-Jan-15
1078,Ajmer,Ajmer(F&V),Guava,Other,Small,800,1600,1300,13-Jan-15
1101,Ajmer,Ajmer(F&V),Guava,Other,Small,800,1600,1400,14-Jan-15
1119,Ajmer,Ajmer(F&V),Guava,Other,Small,800,1600,1500,15-Jan-15
1105,Ajmer,Ajmer(F&V),Guava,Other,Small,800,1600,1400,16-Jan-15
1081,Ajmer,Ajmer(F&V),Guava,Other,Small,800,1600,1300,17-Jan-15
1089,Ajmer,Ajmer(F&V),Guava,Other,Small,800,1600,1350,19-Jan-15
1110,Ajmer,Ajmer(F&V),Guava,Other,Small,800,1600,1400,20-Jan-15
1122,Ajmer,Ajmer(F&V),Guava,Other,Small,800,1600,1500,21-Jan-15
1083,Ajmer,Ajmer(F&V),Guava,Other,Small,800,1600,1300,22-Jan-15
1059,Ajmer,Ajmer(F&V),Guava,Other,Small,800,1400,1200,24-Jan-15
1054,Ajmer,Ajmer(F&V),Guava,Other,Small,800,1400,1100,25-Jan-15
1060,Ajmer,Ajmer(F&V),Guava,Other,Small,800,1400,1200,26-Jan-15
1181,Ajmer,Ajmer(F&V),Guava,Other,Small,1000,2600,1400,27-Jan-15
1066,Ajmer,Ajmer(F&V),Guava,Other,Small,800,1500,1200,28-Jan-15
1055,Ajmer,Ajmer(F&V),Guava,Other,Small,800,1400,1100,29-Jan-15
1061,Ajmer,Ajmer(F&V),Guava,Other,Small,800,1400,1200,30-Jan-15
1062,Ajmer,Ajmer(F&V),Guava,Other,Small,800,1500,1100,31-Jan-15
1063,Ajmer,Ajmer(F&V),Guava,Other,Small,800,1500,1200,01-Feb-15
1056,Ajmer,Ajmer(F&V),Guava,Other,Small,800,1400,1200,02-Feb-15
1058,Ajmer,Ajmer(F&V),Guava,Other,Small,800,1400,1200,04-Feb-15
1092,Ajmer,Ajmer(F&V),Guava,Other,Small,800,1600,1400,05-Feb-15
1024,Ajmer,Ajmer(F&V),Guava,Other,Medium,0,0,1500,06-Feb-15
1074,Ajmer,Ajmer(F&V),Guava,Other,Small,800,1600,1300,08-Feb-15
1075,Ajmer,Ajmer(F&V),Guava,Other,Small,800,1600,1300,09-Feb-15
1076,Ajmer,Ajmer(F&V),Guava,Other,Small,800,1600,1300,10-Feb-15
1125,Ajmer,Ajmer(F&V),Guava,Other,Small,800,1800,1400,11-Feb-15
1131,Ajmer,Ajmer(F&V),Guava,Other,Small,800,1800,1500,12-Feb-15
1100,Ajmer,Ajmer(F&V),Guava,Other,Small,800,1600,1400,13-Feb-15
1079,Ajmer,Ajmer(F&V),Guava,Other,Small,800,1600,1300,14-Feb-15
1103,Ajmer,Ajmer(F&V),Guava,Other,Small,800,1600,1400,15-Feb-15
1120,Ajmer,Ajmer(F&V),Guava,Other,Small,800,1600,1500,16-Feb-15
1108,Ajmer,Ajmer(F&V),Guava,Other,Small,800,1600,1400,17-Feb-15
1132,Ajmer,Ajmer(F&V),Guava,Other,Small,800,1800,1500,18-Feb-15
1144,Ajmer,Ajmer(F&V),Guava,Other,Small,800,1800,1600,19-Feb-15
1134,Ajmer,Ajmer(F&V),Guava,Other,Small,800,1800,1500,20-Feb-15
1082,Ajmer,Ajmer(F&V),Guava,Other,Small,800,1600,1300,21-Feb-15
1065,Ajmer,Ajmer(F&V),Guava,Other,Small,800,1500,1200,22-Feb-15
1113,Ajmer,Ajmer(F&V),Guava,Other,Small,800,1600,1400,23-Feb-15
1155,Ajmer,Ajmer(F&V),Guava,Other,Small,900,1650,1450,24-Feb-15
1085,Ajmer,Ajmer(F&V),Guava,Other,Small,800,1600,1300,25-Feb-15
1086,Ajmer,Ajmer(F&V),Guava,Other,Small,800,1600,1300,26-Feb-15
1071,Ajmer,Ajmer(F&V),Guava,Other,Small,800,1600,1200,27-Feb-15
1088,Ajmer,Ajmer(F&V),Guava,Other,Small,800,1600,1300,28-Feb-15
1090,Ajmer,Ajmer(F&V),Guava,Other,Small,800,1600,1400,01-Mar-15
1130,Ajmer,Ajmer(F&V),Guava,Other,Small,800,1800,1500,03-Mar-15
1141,Ajmer,Ajmer(F&V),Guava,Other,Small,800,1800,1600,04-Mar-15
1104,Ajmer,Ajmer(F&V),Guava,Other,Small,800,1600,1400,15-Mar-15
1178,Ajmer,Ajmer(F&V),Guava,Other,Small,1000,2000,1600,07-Apr-15
446,Ajmer,Ajmer(F&V),Guava,Other,Large,1500,2000,1800,05-Aug-15
279,Ajmer,Ajmer(F&V),Guava,Other,Large,1200,1800,1600,08-Aug-15
35,Ajmer,Ajmer(F&V),Guava,Other,Large,800,1600,1300,11-Aug-15
94,Ajmer,Ajmer(F&V),Guava,Other,Large,800,2000,1500,19-Aug-15
95,Ajmer,Ajmer(F&V),Guava,Other,Large,800,2000,1500,20-Aug-15
657,Ajmer,Ajmer(F&V),Guava,Other,Large,1500,2500,2200,28-Oct-15
443,Ajmer,Ajmer(F&V),Guava,Other,Large,1500,2000,1800,03-Nov-15
739,Ajmer,Ajmer(F&V),Guava,Other,Large,1600,2100,1850,04-Nov-15
725,Ajmer,Ajmer(F&V),Guava,Other,Large,1600,2100,1700,05-Nov-15
736,Ajmer,Ajmer(F&V),Guava,Other,Large,1600,2100,1750,06-Nov-15
726,Ajmer,Ajmer(F&V),Guava,Other,Large,1600,2100,1700,07-Nov-15
727,Ajmer,Ajmer(F&V),Guava,Other,Large,1600,2100,1700,09-Nov-15
728,Ajmer,Ajmer(F&V),Guava,Other,Large,1600,2100,1700,13-Nov-15
729,Ajmer,Ajmer(F&V),Guava,Other,Large,1600,2100,1700,14-Nov-15
737,Ajmer,Ajmer(F&V),Guava,Other,Large,1600,2100,1750,15-Nov-15
730,Ajmer,Ajmer(F&V),Guava,Other,Large,1600,2100,1700,16-Nov-15
738,Ajmer,Ajmer(F&V),Guava,Other,Large,1600,2100,1800,17-Nov-15
731,Ajmer,Ajmer(F&V),Guava,Other,Large,1600,2100,1700,19-Nov-15
732,Ajmer,Ajmer(F&V),Guava,Other,Large,1600,2100,1700,20-Nov-15
734,Ajmer,Ajmer(F&V),Guava,Other,Large,1600,2100,1700,21-Nov-15
735,Ajmer,Ajmer(F&V),Guava,Other,Large,1600,2100,1700,23-Nov-15
491,Ajmer,Ajmer(F&V),Guava,Other,Large,1500,2100,1700,27-Nov-15
547,Ajmer,Ajmer(F&V),Guava,Other,Large,1500,2500,1700,28-Nov-15
421,Ajmer,Ajmer(F&V),Guava,Other,Large,1500,2000,1700,30-Nov-15
438,Ajmer,Ajmer(F&V),Guava,Other,Large,1500,2000,1800,01-Dec-15
409,Ajmer,Ajmer(F&V),Guava,Other,Large,1500,2000,1700,02-Dec-15
410,Ajmer,Ajmer(F&V),Guava,Other,Large,1500,2000,1700,03-Dec-15
289,Ajmer,Ajmer(F&V),Guava,Other,Large,1200,2000,1600,05-Dec-15
291,Ajmer,Ajmer(F&V),Guava,Other,Large,1200,2000,1600,06-Dec-15
15,Ajmer,Ajmer(F&V),Guava,Other,Large,800,1500,1250,07-Dec-15
203,Ajmer,Ajmer(F&V),Guava,Other,Large,1000,2000,1600,08-Dec-15
331,Ajmer,Ajmer(F&V),Guava,Other,Large,1300,2000,1600,09-Dec-15
346,Ajmer,Ajmer(F&V),Guava,Other,Large,1400,2000,1800,10-Dec-15
287,Ajmer,Ajmer(F&V),Guava,Other,Large,1200,2000,1400,11-Dec-15
306,Ajmer,Ajmer(F&V),Guava,Other,Large,1200,2000,1700,12-Dec-15
391,Ajmer,Ajmer(F&V),Guava,Other,Large,1500,2000,1600,13-Dec-15
393,Ajmer,Ajmer(F&V),Guava,Other,Large,1500,2000,1600,14-Dec-15
396,Ajmer,Ajmer(F&V),Guava,Other,Large,1500,2000,1600,15-Dec-15
397,Ajmer,Ajmer(F&V),Guava,Other,Large,1500,2000,1600,16-Dec-15
399,Ajmer,Ajmer(F&V),Guava,Other,Large,1500,2000,1600,17-Dec-15
406,Ajmer,Ajmer(F&V),Guava,Other,Large,1500,2000,1650,18-Dec-15
407,Ajmer,Ajmer(F&V),Guava,Other,Large,1500,2000,1650,19-Dec-15
408,Ajmer,Ajmer(F&V),Guava,Other,Large,1500,2000,1650,20-Dec-15
733,Ajmer,Ajmer(F&V),Guava,Other,Large,1600,2100,1700,21-Dec-15
497,Ajmer,Ajmer(F&V),Guava,Other,Large,1500,2100,1800,22-Dec-15
721,Ajmer,Ajmer(F&V),Guava,Other,Large,1600,2000,1700,23-Dec-15
173,Ajmer,Ajmer(F&V),Guava,Other,Large,1000,1800,1500,24-Dec-15
135,Ajmer,Ajmer(F&V),Guava,Other,Large,900,1500,1300,26-Dec-15
151,Ajmer,Ajmer(F&V),Guava,Other,Large,1000,1600,1300,27-Dec-15
152,Ajmer,Ajmer(F&V),Guava,Other,Large,1000,1600,1300,28-Dec-15
164,Ajmer,Ajmer(F&V),Guava,Other,Large,1000,1800,1400,29-Dec-15
45,Ajmer,Ajmer(F&V),Guava,Other,Large,800,1700,1500,30-Dec-15
166,Ajmer,Ajmer(F&V),Guava,Other,Large,1000,1800,1400,31-Dec-15
158,Ajmer,Ajmer(F&V),Guava,Other,Large,1000,1800,1400,01-Jan-16
159,Ajmer,Ajmer(F&V),Guava,Other,Large,1000,1800,1400,02-Jan-16
383,Ajmer,Ajmer(F&V),Guava,Other,Large,1500,2000,1600,03-Jan-16
384,Ajmer,Ajmer(F&V),Guava,Other,Large,1500,2000,1600,04-Jan-16
385,Ajmer,Ajmer(F&V),Guava,Other,Large,1500,2000,1600,06-Jan-16
286,Ajmer,Ajmer(F&V),Guava,Other,Large,1200,2000,1300,07-Jan-16
156,Ajmer,Ajmer(F&V),Guava,Other,Large,1000,1600,1500,08-Jan-16
776,Ajmer,Ajmer(F&V),Guava,Other,Large,1600,2500,1700,09-Jan-16
389,Ajmer,Ajmer(F&V),Guava,Other,Large,1500,2000,1600,11-Jan-16
390,Ajmer,Ajmer(F&V),Guava,Other,Large,1500,2000,1600,12-Jan-16
392,Ajmer,Ajmer(F&V),Guava,Other,Large,1500,2000,1600,13-Jan-16
395,Ajmer,Ajmer(F&V),Guava,Other,Large,1500,2000,1600,14-Jan-16
720,Ajmer,Ajmer(F&V),Guava,Other,Large,1600,2000,1600,16-Jan-16
405,Ajmer,Ajmer(F&V),Guava,Other,Large,1500,2000,1650,17-Jan-16
401,Ajmer,Ajmer(F&V),Guava,Other,Large,1500,2000,1600,18-Jan-16
403,Ajmer,Ajmer(F&V),Guava,Other,Large,1500,2000,1600,19-Jan-16
272,Ajmer,Ajmer(F&V),Guava,Other,Large,1200,1700,1500,20-Jan-16
273,Ajmer,Ajmer(F&V),Guava,Other,Large,1200,1800,1400,21-Jan-16
167,Ajmer,Ajmer(F&V),Guava,Other,Large,1000,1800,1450,22-Jan-16
174,Ajmer,Ajmer(F&V),Guava,Other,Large,1000,1800,1500,24-Jan-16
176,Ajmer,Ajmer(F&V),Guava,Other,Large,1000,1800,1600,25-Jan-16
177,Ajmer,Ajmer(F&V),Guava,Other,Large,1000,1800,1600,26-Jan-16
178,Ajmer,Ajmer(F&V),Guava,Other,Large,1000,1800,1600,27-Jan-16
179,Ajmer,Ajmer(F&V),Guava,Other,Large,1000,1800,1600,28-Jan-16
271,Ajmer,Ajmer(F&V),Guava,Other,Large,1200,1700,1400,29-Jan-16
155,Ajmer,Ajmer(F&V),Guava,Other,Large,1000,1600,1400,31-Jan-16
267,Ajmer,Ajmer(F&V),Guava,Other,Large,1200,1500,1300,01-Feb-16
322,Ajmer,Ajmer(F&V),Guava,Other,Large,1300,1800,1500,02-Feb-16
323,Ajmer,Ajmer(F&V),Guava,Other,Large,1300,1800,1500,03-Feb-16
324,Ajmer,Ajmer(F&V),Guava,Other,Large,1300,1800,1500,04-Feb-16
386,Ajmer,Ajmer(F&V),Guava,Other,Large,1500,2000,1600,07-Feb-16
326,Ajmer,Ajmer(F&V),Guava,Other,Large,1300,1800,1600,08-Feb-16
328,Ajmer,Ajmer(F&V),Guava,Other,Large,1300,1800,1650,10-Feb-16
336,Ajmer,Ajmer(F&V),Guava,Other,Large,1400,2000,1600,11-Feb-16
394,Ajmer,Ajmer(F&V),Guava,Other,Large,1500,2000,1600,14-Feb-16
388,Ajmer,Ajmer(F&V),Guava,Other,Large,1500,2000,1600,10-Mar-16
157,Ajmer,Ajmer(F&V),Guava,Other,Large,1000,1600,1500,30-Aug-16
200,Ajmer,Ajmer(F&V),Guava,Other,Large,1000,2000,1500,31-Aug-16
321,Ajmer,Ajmer(F&V),Guava,Other,Large,1300,1700,1500,01-Sep-16
153,Ajmer,Ajmer(F&V),Guava,Other,Large,1000,1600,1400,06-Sep-16
268,Ajmer,Ajmer(F&V),Guava,Other,Large,1200,1500,1300,08-Sep-16
320,Ajmer,Ajmer(F&V),Guava,Other,Large,1300,1500,1400,12-Sep-16
154,Ajmer,Ajmer(F&V),Guava,Other,Large,1000,1600,1400,14-Sep-16
146,Ajmer,Ajmer(F&V),Guava,Other,Large,1000,1500,1300,15-Sep-16
148,Ajmer,Ajmer(F&V),Guava,Other,Large,1000,1500,1400,20-Sep-16
149,Ajmer,Ajmer(F&V),Guava,Other,Large,1000,1500,1400,22-Sep-16
417,Ajmer,Ajmer(F&V),Guava,Other,Large,1500,2000,1700,18-Oct-16
404,Ajmer,Ajmer(F&V),Guava,Other,Large,1500,2000,1600,19-Oct-16
418,Ajmer,Ajmer(F&V),Guava,Other,Large,1500,2000,1700,20-Oct-16
139,Ajmer,Ajmer(F&V),Guava,Other,Large,1000,1500,1200,21-Oct-16
329,Ajmer,Ajmer(F&V),Guava,Other,Large,1300,1800,1700,07-Nov-16
488,Ajmer,Ajmer(F&V),Guava,Other,Large,1500,2000,1900,08-Nov-16
387,Ajmer,Ajmer(F&V),Guava,Other,Large,1500,2000,1600,09-Nov-16
489,Ajmer,Ajmer(F&V),Guava,Other,Large,1500,2000,1900,10-Nov-16
415,Ajmer,Ajmer(F&V),Guava,Other,Large,1500,2000,1700,11-Nov-16
649,Ajmer,Ajmer(F&V),Guava,Other,Large,1500,2500,2100,12-Nov-16
594,Ajmer,Ajmer(F&V),Guava,Other,Large,1500,2500,2000,15-Nov-16
398,Ajmer,Ajmer(F&V),Guava,Other,Large,1500,2000,1600,16-Nov-16
400,Ajmer,Ajmer(F&V),Guava,Other,Large,1500,2000,1600,17-Nov-16
402,Ajmer,Ajmer(F&V),Guava,Other,Large,1500,2000,1600,18-Nov-16
504,Ajmer,Ajmer(F&V),Guava,Other,Large,1500,2200,1700,19-Nov-16
485,Ajmer,Ajmer(F&V),Guava,Other,Large,1500,2000,1850,20-Nov-16
508,Ajmer,Ajmer(F&V),Guava,Other,Large,1500,2200,1850,21-Nov-16
505,Ajmer,Ajmer(F&V),Guava,Other,Large,1500,2200,1800,22-Nov-16
509,Ajmer,Ajmer(F&V),Guava,Other,Large,1500,2200,1850,23-Nov-16
510,Ajmer,Ajmer(F&V),Guava,Other,Large,1500,2200,1850,24-Nov-16
487,Ajmer,Ajmer(F&V),Guava,Other,Large,1500,2000,1850,25-Nov-16
506,Ajmer,Ajmer(F&V),Guava,Other,Large,1500,2200,1800,26-Nov-16
549,Ajmer,Ajmer(F&V),Guava,Other,Large,1500,2500,1800,28-Nov-16
420,Ajmer,Ajmer(F&V),Guava,Other,Large,1500,2000,1700,29-Nov-16
481,Ajmer,Ajmer(F&V),Guava,Other,Large,1500,2000,1800,30-Nov-16
439,Ajmer,Ajmer(F&V),Guava,Other,Large,1500,2000,1800,01-Dec-16
441,Ajmer,Ajmer(F&V),Guava,Other,Large,1500,2000,1800,02-Dec-16
411,Ajmer,Ajmer(F&V),Guava,Other,Large,1500,2000,1700,03-Dec-16
444,Ajmer,Ajmer(F&V),Guava,Other,Large,1500,2000,1800,04-Dec-16
447,Ajmer,Ajmer(F&V),Guava,Other,Large,1500,2000,1800,05-Dec-16
269,Ajmer,Ajmer(F&V),Guava,Other,Large,1200,1500,1350,06-Dec-16
141,Ajmer,Ajmer(F&V),Guava,Other,Large,1000,1500,1250,07-Dec-16
270,Ajmer,Ajmer(F&V),Guava,Other,Large,1200,1500,1450,09-Dec-16
7,Ajmer,Ajmer(F&V),Guava,Other,Large,800,1200,1000,10-Dec-16
134,Ajmer,Ajmer(F&V),Guava,Other,Large,900,1500,1200,11-Dec-16
168,Ajmer,Ajmer(F&V),Guava,Other,Large,1000,1800,1500,12-Dec-16
142,Ajmer,Ajmer(F&V),Guava,Other,Large,1000,1500,1250,14-Dec-16
416,Ajmer,Ajmer(F&V),Guava,Other,Large,1500,2000,1700,15-Dec-16
427,Ajmer,Ajmer(F&V),Guava,Other,Large,1500,2000,1750,16-Dec-16
147,Ajmer,Ajmer(F&V),Guava,Other,Large,1000,1500,1400,17-Dec-16
143,Ajmer,Ajmer(F&V),Guava,Other,Large,1000,1500,1250,19-Dec-16
137,Ajmer,Ajmer(F&V),Guava,Other,Large,1000,1500,1200,20-Dec-16
138,Ajmer,Ajmer(F&V),Guava,Other,Large,1000,1500,1200,21-Dec-16
144,Ajmer,Ajmer(F&V),Guava,Other,Large,1000,1500,1250,23-Dec-16
419,Ajmer,Ajmer(F&V),Guava,Other,Large,1500,2000,1700,24-Dec-16
475,Ajmer,Ajmer(F&V),Guava,Other,Large,1500,2000,1800,25-Dec-16
145,Ajmer,Ajmer(F&V),Guava,Other,Large,1000,1500,1250,26-Dec-16
140,Ajmer,Ajmer(F&V),Guava,Other,Large,1000,1500,1200,27-Dec-16
434,Ajmer,Ajmer(F&V),Guava,Other,Large,1500,2000,1750,28-Dec-16
435,Ajmer,Ajmer(F&V),Guava,Other,Large,1500,2000,1750,29-Dec-16
437,Ajmer,Ajmer(F&V),Guava,Other,Large,1500,2000,1750,30-Dec-16
482,Ajmer,Ajmer(F&V),Guava,Other,Large,1500,2000,1800,31-Dec-16
424,Ajmer,Ajmer(F&V),Guava,Other,Large,1500,2000,1750,03-Jan-17
136,Ajmer,Ajmer(F&V),Guava,Other,Large,1000,1200,1150,04-Jan-17
449,Ajmer,Ajmer(F&V),Guava,Other,Large,1500,2000,1800,06-Jan-17
292,Ajmer,Ajmer(F&V),Guava,Other,Large,1200,2000,1600,07-Jan-17
453,Ajmer,Ajmer(F&V),Guava,Other,Large,1500,2000,1800,08-Jan-17
454,Ajmer,Ajmer(F&V),Guava,Other,Large,1500,2000,1800,09-Jan-17
413,Ajmer,Ajmer(F&V),Guava,Other,Large,1500,2000,1700,10-Jan-17
414,Ajmer,Ajmer(F&V),Guava,Other,Large,1500,2000,1700,11-Jan-17
347,Ajmer,Ajmer(F&V),Guava,Other,Large,1400,2000,1800,13-Jan-17
589,Ajmer,Ajmer(F&V),Guava,Other,Large,1500,2500,2000,14-Jan-17
592,Ajmer,Ajmer(F&V),Guava,Other,Large,1500,2500,2000,15-Jan-17
464,Ajmer,Ajmer(F&V),Guava,Other,Large,1500,2000,1800,16-Jan-17
598,Ajmer,Ajmer(F&V),Guava,Other,Large,1500,2500,2000,17-Jan-17
466,Ajmer,Ajmer(F&V),Guava,Other,Large,1500,2000,1800,18-Jan-17
467,Ajmer,Ajmer(F&V),Guava,Other,Large,1500,2000,1800,19-Jan-17
612,Ajmer,Ajmer(F&V),Guava,Other,Large,1500,2500,2000,20-Jan-17
468,Ajmer,Ajmer(F&V),Guava,Other,Large,1500,2000,1800,21-Jan-17
486,Ajmer,Ajmer(F&V),Guava,Other,Large,1500,2000,1850,22-Jan-17
473,Ajmer,Ajmer(F&V),Guava,Other,Large,1500,2000,1800,23-Jan-17
175,Ajmer,Ajmer(F&V),Guava,Other,Large,1000,1800,1500,24-Jan-17
476,Ajmer,Ajmer(F&V),Guava,Other,Large,1500,2000,1800,25-Jan-17
199,Ajmer,Ajmer(F&V),Guava,Other,Large,1000,2000,1500,28-Jan-17
239,Ajmer,Ajmer(F&V),Guava,Other,Large,1000,2000,1800,29-Jan-17
242,Ajmer,Ajmer(F&V),Guava,Other,Large,1000,2000,1850,30-Jan-17
422,Ajmer,Ajmer(F&V),Guava,Other,Large,1500,2000,1700,31-Jan-17
440,Ajmer,Ajmer(F&V),Guava,Other,Large,1500,2000,1800,01-Feb-17
548,Ajmer,Ajmer(F&V),Guava,Other,Large,1500,2500,1800,02-Feb-17
484,Ajmer,Ajmer(F&V),Guava,Other,Large,1500,2000,1850,03-Feb-17
445,Ajmer,Ajmer(F&V),Guava,Other,Large,1500,2000,1800,04-Feb-17
412,Ajmer,Ajmer(F&V),Guava,Other,Large,1500,2000,1700,05-Feb-17
425,Ajmer,Ajmer(F&V),Guava,Other,Large,1500,2000,1750,06-Feb-17
451,Ajmer,Ajmer(F&V),Guava,Other,Large,1500,2000,1800,07-Feb-17
452,Ajmer,Ajmer(F&V),Guava,Other,Large,1500,2000,1800,08-Feb-17
722,Ajmer,Ajmer(F&V),Guava,Other,Large,1600,2000,1800,09-Feb-17
280,Ajmer,Ajmer(F&V),Guava,Other,Large,1200,1800,1600,12-Feb-17
458,Ajmer,Ajmer(F&V),Guava,Other,Large,1500,2000,1800,13-Feb-17
281,Ajmer,Ajmer(F&V),Guava,Other,Large,1200,1800,1600,14-Feb-17
284,Ajmer,Ajmer(F&V),Guava,Other,Large,1200,1800,1650,15-Feb-17
282,Ajmer,Ajmer(F&V),Guava,Other,Large,1200,1800,1600,17-Feb-17
285,Ajmer,Ajmer(F&V),Guava,Other,Large,1200,1800,1700,19-Feb-17
471,Ajmer,Ajmer(F&V),Guava,Other,Large,1500,2000,1800,22-Feb-17
515,Ajmer,Ajmer(F&V),Guava,Other,Large,1500,2200,1900,23-Feb-17
517,Ajmer,Ajmer(F&V),Guava,Other,Large,1500,2200,2000,24-Feb-17
480,Ajmer,Ajmer(F&V),Guava,Other,Large,1500,2000,1800,28-Feb-17
442,Ajmer,Ajmer(F&V),Guava,Other,Large,1500,2000,1800,02-Mar-17
544,Ajmer,Ajmer(F&V),Guava,Other,Large,1500,2400,2100,26-Aug-17
518,Ajmer,Ajmer(F&V),Guava,Other,Large,1500,2200,2000,27-Aug-17
545,Ajmer,Ajmer(F&V),Guava,Other,Large,1500,2400,2100,28-Aug-17
84,Ajmer,Ajmer(F&V),Guava,Other,Large,800,1800,1600,29-Aug-17
127,Ajmer,Ajmer(F&V),Guava,Other,Large,800,2200,1600,05-Sep-17
91,Ajmer,Ajmer(F&V),Guava,Other,Large,800,2000,1500,07-Sep-17
101,Ajmer,Ajmer(F&V),Guava,Other,Large,800,2000,1600,08-Sep-17
102,Ajmer,Ajmer(F&V),Guava,Other,Large,800,2000,1600,09-Sep-17
63,Ajmer,Ajmer(F&V),Guava,Other,Large,800,1800,1400,16-Sep-17
111,Ajmer,Ajmer(F&V),Guava,Other,Large,800,2000,1600,20-Sep-17
265,Ajmer,Ajmer(F&V),Guava,Other,Large,1000,2500,2000,23-Sep-17
258,Ajmer,Ajmer(F&V),Guava,Other,Large,1000,2500,1900,24-Sep-17
130,Ajmer,Ajmer(F&V),Guava,Other,Large,800,2500,1800,25-Sep-17
132,Ajmer,Ajmer(F&V),Guava,Other,Large,800,2500,2000,29-Sep-17
233,Ajmer,Ajmer(F&V),Guava,Other,Large,1000,2000,1800,07-Oct-17
204,Ajmer,Ajmer(F&V),Guava,Other,Large,1000,2000,1600,08-Oct-17
128,Ajmer,Ajmer(F&V),Guava,Other,Large,800,2200,1600,10-Oct-17
215,Ajmer,Ajmer(F&V),Guava,Other,Large,1000,2000,1600,23-Oct-17
236,Ajmer,Ajmer(F&V),Guava,Other,Large,1000,2000,1800,25-Oct-17
266,Ajmer,Ajmer(F&V),Guava,Other,Large,1000,2500,2000,26-Oct-17
637,Ajmer,Ajmer(F&V),Guava,Other,Large,1500,2500,2000,28-Oct-17
641,Ajmer,Ajmer(F&V),Guava,Other,Large,1500,2500,2000,29-Oct-17
126,Ajmer,Ajmer(F&V),Guava,Other,Large,800,2000,1800,31-Oct-17
226,Ajmer,Ajmer(F&V),Guava,Other,Large,1000,2000,1800,01-Nov-17
260,Ajmer,Ajmer(F&V),Guava,Other,Large,1000,2500,2000,02-Nov-17
230,Ajmer,Ajmer(F&V),Guava,Other,Large,1000,2000,1800,05-Nov-17
231,Ajmer,Ajmer(F&V),Guava,Other,Large,1000,2000,1800,06-Nov-17
261,Ajmer,Ajmer(F&V),Guava,Other,Large,1000,2500,2000,07-Nov-17
131,Ajmer,Ajmer(F&V),Guava,Other,Large,800,2500,2000,08-Nov-17
122,Ajmer,Ajmer(F&V),Guava,Other,Large,800,2000,1800,09-Nov-17
123,Ajmer,Ajmer(F&V),Guava,Other,Large,800,2000,1800,10-Nov-17
103,Ajmer,Ajmer(F&V),Guava,Other,Large,800,2000,1600,11-Nov-17
118,Ajmer,Ajmer(F&V),Guava,Other,Large,800,2000,1700,12-Nov-17
106,Ajmer,Ajmer(F&V),Guava,Other,Large,800,2000,1600,13-Nov-17
107,Ajmer,Ajmer(F&V),Guava,Other,Large,800,2000,1600,14-Nov-17
92,Ajmer,Ajmer(F&V),Guava,Other,Large,800,2000,1500,15-Nov-17
108,Ajmer,Ajmer(F&V),Guava,Other,Large,800,2000,1600,16-Nov-17
93,Ajmer,Ajmer(F&V),Guava,Other,Large,800,2000,1500,17-Nov-17
124,Ajmer,Ajmer(F&V),Guava,Other,Large,800,2000,1800,18-Nov-17
109,Ajmer,Ajmer(F&V),Guava,Other,Large,800,2000,1600,20-Nov-17
225,Ajmer,Ajmer(F&V),Guava,Other,Large,1000,2000,1750,21-Nov-17
241,Ajmer,Ajmer(F&V),Guava,Other,Large,1000,2000,1850,23-Nov-17
317,Ajmer,Ajmer(F&V),Guava,Other,Large,1200,2000,1900,24-Nov-17
68,Ajmer,Ajmer(F&V),Guava,Other,Large,800,1800,1400,25-Nov-17
78,Ajmer,Ajmer(F&V),Guava,Other,Large,800,1800,1500,26-Nov-17
80,Ajmer,Ajmer(F&V),Guava,Other,Large,800,1800,1500,27-Nov-17
83,Ajmer,Ajmer(F&V),Guava,Other,Large,800,1800,1600,28-Nov-17
125,Ajmer,Ajmer(F&V),Guava,Other,Large,800,2000,1800,29-Nov-17
223,Ajmer,Ajmer(F&V),Guava,Other,Large,1000,2000,1600,30-Nov-17
114,Ajmer,Ajmer(F&V),Guava,Other,Large,800,2000,1700,01-Dec-17
115,Ajmer,Ajmer(F&V),Guava,Other,Large,800,2000,1700,04-Dec-17
119,Ajmer,Ajmer(F&V),Guava,Other,Large,800,2000,1800,05-Dec-17
100,Ajmer,Ajmer(F&V),Guava,Other,Large,800,2000,1600,06-Dec-17
120,Ajmer,Ajmer(F&V),Guava,Other,Large,800,2000,1800,07-Dec-17
116,Ajmer,Ajmer(F&V),Guava,Other,Large,800,2000,1700,08-Dec-17
121,Ajmer,Ajmer(F&V),Guava,Other,Large,800,2000,1800,09-Dec-17
206,Ajmer,Ajmer(F&V),Guava,Other,Large,1000,2000,1600,11-Dec-17
117,Ajmer,Ajmer(F&V),Guava,Other,Large,800,2000,1700,12-Dec-17
105,Ajmer,Ajmer(F&V),Guava,Other,Large,800,2000,1600,13-Dec-17
75,Ajmer,Ajmer(F&V),Guava,Other,Large,800,1800,1500,14-Dec-17
62,Ajmer,Ajmer(F&V),Guava,Other,Large,800,1800,1400,15-Dec-17
76,Ajmer,Ajmer(F&V),Guava,Other,Large,800,1800,1500,16-Dec-17
81,Ajmer,Ajmer(F&V),Guava,Other,Large,800,1800,1600,17-Dec-17
82,Ajmer,Ajmer(F&V),Guava,Other,Large,800,1800,1600,18-Dec-17
64,Ajmer,Ajmer(F&V),Guava,Other,Large,800,1800,1400,19-Dec-17
56,Ajmer,Ajmer(F&V),Guava,Other,Large,800,1800,1350,20-Dec-17
65,Ajmer,Ajmer(F&V),Guava,Other,Large,800,1800,1400,21-Dec-17
96,Ajmer,Ajmer(F&V),Guava,Other,Large,800,2000,1500,23-Dec-17
112,Ajmer,Ajmer(F&V),Guava,Other,Large,800,2000,1600,24-Dec-17
113,Ajmer,Ajmer(F&V),Guava,Other,Large,800,2000,1600,25-Dec-17
129,Ajmer,Ajmer(F&V),Guava,Other,Large,800,2200,1600,26-Dec-17
79,Ajmer,Ajmer(F&V),Guava,Other,Large,800,1800,1500,27-Dec-17
70,Ajmer,Ajmer(F&V),Guava,Other,Large,800,1800,1400,28-Dec-17
85,Ajmer,Ajmer(F&V),Guava,Other,Large,800,1800,1600,30-Dec-17
99,Ajmer,Ajmer(F&V),Guava,Other,Large,800,2000,1500,31-Dec-17
90,Ajmer,Ajmer(F&V),Guava,Other,Large,800,2000,1500,03-Jan-18
57,Ajmer,Ajmer(F&V),Guava,Other,Large,800,1800,1400,05-Jan-18
55,Ajmer,Ajmer(F&V),Guava,Other,Large,800,1800,1350,06-Jan-18
42,Ajmer,Ajmer(F&V),Guava,Other,Large,800,1600,1400,07-Jan-18
58,Ajmer,Ajmer(F&V),Guava,Other,Large,800,1800,1400,08-Jan-18
73,Ajmer,Ajmer(F&V),Guava,Other,Large,800,1800,1500,09-Jan-18
104,Ajmer,Ajmer(F&V),Guava,Other,Large,800,2000,1600,12-Jan-18
61,Ajmer,Ajmer(F&V),Guava,Other,Large,800,1800,1400,13-Jan-18
48,Ajmer,Ajmer(F&V),Guava,Other,Large,800,1800,1300,14-Jan-18
36,Ajmer,Ajmer(F&V),Guava,Other,Large,800,1600,1300,18-Jan-18
77,Ajmer,Ajmer(F&V),Guava,Other,Large,800,1800,1500,19-Jan-18
49,Ajmer,Ajmer(F&V),Guava,Other,Large,800,1800,1300,20-Jan-18
38,Ajmer,Ajmer(F&V),Guava,Other,Large,800,1600,1300,21-Jan-18
28,Ajmer,Ajmer(F&V),Guava,Other,Large,800,1600,1200,22-Jan-18
39,Ajmer,Ajmer(F&V),Guava,Other,Large,800,1600,1300,23-Jan-18
44,Ajmer,Ajmer(F&V),Guava,Other,Large,800,1600,1400,24-Jan-18
51,Ajmer,Ajmer(F&V),Guava,Other,Large,800,1800,1300,25-Jan-18
69,Ajmer,Ajmer(F&V),Guava,Other,Large,800,1800,1400,26-Jan-18
29,Ajmer,Ajmer(F&V),Guava,Other,Large,800,1600,1200,27-Jan-18
40,Ajmer,Ajmer(F&V),Guava,Other,Large,800,1600,1300,28-Jan-18
53,Ajmer,Ajmer(F&V),Guava,Other,Large,800,1800,1300,30-Jan-18
47,Ajmer,Ajmer(F&V),Guava,Other,Large,800,1800,1300,02-Feb-18
30,Ajmer,Ajmer(F&V),Guava,Other,Large,800,1600,1300,03-Feb-18
41,Ajmer,Ajmer(F&V),Guava,Other,Large,800,1600,1400,04-Feb-18
21,Ajmer,Ajmer(F&V),Guava,Other,Large,800,1600,1200,05-Feb-18
22,Ajmer,Ajmer(F&V),Guava,Other,Large,800,1600,1200,07-Feb-18
33,Ajmer,Ajmer(F&V),Guava,Other,Large,800,1600,1300,08-Feb-18
24,Ajmer,Ajmer(F&V),Guava,Other,Large,800,1600,1200,09-Feb-18
9,Ajmer,Ajmer(F&V),Guava,Other,Large,800,1400,1200,10-Feb-18
8,Ajmer,Ajmer(F&V),Guava,Other,Large,800,1400,1100,11-Feb-18
10,Ajmer,Ajmer(F&V),Guava,Other,Large,800,1400,1200,12-Feb-18
12,Ajmer,Ajmer(F&V),Guava,Other,Large,800,1500,1200,14-Feb-18
18,Ajmer,Ajmer(F&V),Guava,Other,Large,800,1500,1300,15-Feb-18
13,Ajmer,Ajmer(F&V),Guava,Other,Large,800,1500,1200,16-Feb-18
16,Ajmer,Ajmer(F&V),Guava,Other,Large,800,1500,1250,17-Feb-18
19,Ajmer,Ajmer(F&V),Guava,Other,Large,800,1500,1300,18-Feb-18
27,Ajmer,Ajmer(F&V),Guava,Other,Large,800,1600,1200,19-Feb-18
37,Ajmer,Ajmer(F&V),Guava,Other,Large,800,1600,1300,20-Feb-18
172,Ajmer,Ajmer(F&V),Guava,Other,Large,1000,1800,1500,21-Feb-18
472,Ajmer,Ajmer(F&V),Guava,Other,Large,1500,2000,1800,22-Feb-18
235,Ajmer,Ajmer(F&V),Guava,Other,Large,1000,2000,1800,24-Feb-18
224,Ajmer,Ajmer(F&V),Guava,Other,Large,1000,2000,1700,25-Feb-18
221,Ajmer,Ajmer(F&V),Guava,Other,Large,1000,2000,1600,26-Feb-18
237,Ajmer,Ajmer(F&V),Guava,Other,Large,1000,2000,1800,27-Feb-18
257,Ajmer,Ajmer(F&V),Guava,Other,Large,1000,2500,1800,28-Feb-18
259,Ajmer,Ajmer(F&V),Guava,Other,Large,1000,2500,2000,01-Mar-18
229,Ajmer,Ajmer(F&V),Guava,Other,Large,1000,2000,1800,04-Mar-18
448,Ajmer,Ajmer(F&V),Guava,Other,Large,1500,2000,1800,05-Mar-18
450,Ajmer,Ajmer(F&V),Guava,Other,Large,1500,2000,1800,06-Mar-18
232,Ajmer,Ajmer(F&V),Guava,Other,Large,1000,2000,1800,07-Mar-18
254,Ajmer,Ajmer(F&V),Guava,Other,Large,1000,2400,2000,16-Aug-18
252,Ajmer,Ajmer(F&V),Guava,Other,Large,1000,2200,1800,17-Aug-18
211,Ajmer,Ajmer(F&V),Guava,Other,Large,1000,2000,1600,18-Aug-18
248,Ajmer,Ajmer(F&V),Guava,Other,Large,1000,2200,1600,21-Aug-18
479,Ajmer,Ajmer(F&V),Guava,Other,Large,1500,2000,1800,28-Aug-18
253,Ajmer,Ajmer(F&V),Guava,Other,Large,1000,2200,1800,30-Aug-18
227,Ajmer,Ajmer(F&V),Guava,Other,Large,1000,2000,1800,01-Sep-18
311,Ajmer,Ajmer(F&V),Guava,Other,Large,1200,2000,1800,04-Sep-18
319,Ajmer,Ajmer(F&V),Guava,Other,Large,1200,2200,2000,06-Sep-18
313,Ajmer,Ajmer(F&V),Guava,Other,Large,1200,2000,1800,13-Sep-18
308,Ajmer,Ajmer(F&V),Guava,Other,Large,1200,2000,1700,14-Sep-18
310,Ajmer,Ajmer(F&V),Guava,Other,Large,1200,2000,1700,16-Sep-18
31,Ajmer,Ajmer(F&V),Guava,Other,Large,800,1600,1300,06-Nov-18
59,Ajmer,Ajmer(F&V),Guava,Other,Large,800,1800,1400,11-Nov-18
74,Ajmer,Ajmer(F&V),Guava,Other,Large,800,1800,1500,12-Nov-18
169,Ajmer,Ajmer(F&V),Guava,Other,Large,1000,1800,1500,14-Nov-18
170,Ajmer,Ajmer(F&V),Guava,Other,Large,1000,1800,1500,17-Nov-18
171,Ajmer,Ajmer(F&V),Guava,Other,Large,1000,1800,1500,18-Nov-18
190,Ajmer,Ajmer(F&V),Guava,Other,Large,1000,2000,1500,19-Nov-18
110,Ajmer,Ajmer(F&V),Guava,Other,Large,800,2000,1600,20-Nov-18
2,Ajmer,Ajmer(F&V),Guava,Other,Large,700,1800,1250,27-Nov-18
52,Ajmer,Ajmer(F&V),Guava,Other,Large,800,1800,1300,28-Nov-18
1,Ajmer,Ajmer(F&V),Guava,Other,Large,700,1600,1300,30-Nov-18
46,Ajmer,Ajmer(F&V),Guava,Other,Large,800,1800,1300,01-Dec-18
72,Ajmer,Ajmer(F&V),Guava,Other,Large,800,1800,1500,05-Dec-18
60,Ajmer,Ajmer(F&V),Guava,Other,Large,800,1800,1400,13-Dec-18
150,Ajmer,Ajmer(F&V),Guava,Other,Large,1000,1600,1300,14-Dec-18
14,Ajmer,Ajmer(F&V),Guava,Other,Large,800,1500,1200,17-Dec-18
26,Ajmer,Ajmer(F&V),Guava,Other,Large,800,1600,1200,18-Dec-18
43,Ajmer,Ajmer(F&V),Guava,Other,Large,800,1600,1400,20-Dec-18
50,Ajmer,Ajmer(F&V),Guava,Other,Large,800,1800,1300,21-Dec-18
66,Ajmer,Ajmer(F&V),Guava,Other,Large,800,1800,1400,23-Dec-18
67,Ajmer,Ajmer(F&V),Guava,Other,Large,800,1800,1400,24-Dec-18
71,Ajmer,Ajmer(F&V),Guava,Other,Large,800,1800,1400,31-Dec-18
20,Ajmer,Ajmer(F&V),Guava,Other,Large,800,1600,1200,02-Jan-19
17,Ajmer,Ajmer(F&V),Guava,Other,Large,800,1500,1300,03-Jan-19
4,Ajmer,Ajmer(F&V),Guava,Other,Large,800,1200,1000,04-Jan-19
5,Ajmer,Ajmer(F&V),Guava,Other,Large,800,1200,1000,05-Jan-19
6,Ajmer,Ajmer(F&V),Guava,Other,Large,800,1200,1000,06-Jan-19
23,Ajmer,Ajmer(F&V),Guava,Other,Large,800,1600,1200,07-Jan-19
34,Ajmer,Ajmer(F&V),Guava,Other,Large,800,1600,1300,08-Jan-19
25,Ajmer,Ajmer(F&V),Guava,Other,Large,800,1600,1200,09-Jan-19
455,Ajmer,Ajmer(F&V),Guava,Other,Large,1500,2000,1800,10-Jan-19
305,Ajmer,Ajmer(F&V),Guava,Other,Large,1200,2000,1700,11-Jan-19
312,Ajmer,Ajmer(F&V),Guava,Other,Large,1200,2000,1800,12-Jan-19
296,Ajmer,Ajmer(F&V),Guava,Other,Large,1200,2000,1600,13-Jan-19
307,Ajmer,Ajmer(F&V),Guava,Other,Large,1200,2000,1700,14-Jan-19
462,Ajmer,Ajmer(F&V),Guava,Other,Large,1500,2000,1800,15-Jan-19
309,Ajmer,Ajmer(F&V),Guava,Other,Large,1200,2000,1700,16-Jan-19
314,Ajmer,Ajmer(F&V),Guava,Other,Large,1200,2000,1800,18-Jan-19
212,Ajmer,Ajmer(F&V),Guava,Other,Large,1000,2000,1600,19-Jan-19
234,Ajmer,Ajmer(F&V),Guava,Other,Large,1000,2000,1800,20-Jan-19
251,Ajmer,Ajmer(F&V),Guava,Other,Large,1000,2200,1700,22-Jan-19
214,Ajmer,Ajmer(F&V),Guava,Other,Large,1000,2000,1600,23-Jan-19
193,Ajmer,Ajmer(F&V),Guava,Other,Large,1000,2000,1500,24-Jan-19
219,Ajmer,Ajmer(F&V),Guava,Other,Large,1000,2000,1600,25-Jan-19
195,Ajmer,Ajmer(F&V),Guava,Other,Large,1000,2000,1500,26-Jan-19
238,Ajmer,Ajmer(F&V),Guava,Other,Large,1000,2000,1800,28-Jan-19
222,Ajmer,Ajmer(F&V),Guava,Other,Large,1000,2000,1600,29-Jan-19
240,Ajmer,Ajmer(F&V),Guava,Other,Large,1000,2000,1800,30-Jan-19
54,Ajmer,Ajmer(F&V),Guava,Other,Large,800,1800,1300,31-Jan-19
180,Ajmer,Ajmer(F&V),Guava,Other,Large,1000,2000,1500,01-Feb-19
201,Ajmer,Ajmer(F&V),Guava,Other,Large,1000,2000,1600,02-Feb-19
182,Ajmer,Ajmer(F&V),Guava,Other,Large,1000,2000,1500,03-Feb-19
245,Ajmer,Ajmer(F&V),Guava,Other,Large,1000,2200,1600,04-Feb-19
250,Ajmer,Ajmer(F&V),Guava,Other,Large,1000,2200,1700,05-Feb-19
202,Ajmer,Ajmer(F&V),Guava,Other,Large,1000,2000,1600,06-Feb-19
184,Ajmer,Ajmer(F&V),Guava,Other,Large,1000,2000,1500,08-Feb-19
205,Ajmer,Ajmer(F&V),Guava,Other,Large,1000,2000,1600,09-Feb-19
88,Ajmer,Ajmer(F&V),Guava,Other,Large,800,2000,1400,10-Feb-19
185,Ajmer,Ajmer(F&V),Guava,Other,Large,1000,2000,1500,11-Feb-19
207,Ajmer,Ajmer(F&V),Guava,Other,Large,1000,2000,1600,12-Feb-19
256,Ajmer,Ajmer(F&V),Guava,Other,Large,1000,2500,1800,13-Feb-19
263,Ajmer,Ajmer(F&V),Guava,Other,Large,1000,2500,2000,14-Feb-19
187,Ajmer,Ajmer(F&V),Guava,Other,Large,1000,2000,1500,16-Feb-19
209,Ajmer,Ajmer(F&V),Guava,Other,Large,1000,2000,1600,17-Feb-19
189,Ajmer,Ajmer(F&V),Guava,Other,Large,1000,2000,1500,18-Feb-19
247,Ajmer,Ajmer(F&V),Guava,Other,Large,1000,2200,1600,20-Feb-19
191,Ajmer,Ajmer(F&V),Guava,Other,Large,1000,2000,1500,21-Feb-19
213,Ajmer,Ajmer(F&V),Guava,Other,Large,1000,2000,1600,22-Feb-19
97,Ajmer,Ajmer(F&V),Guava,Other,Large,800,2000,1500,23-Feb-19
216,Ajmer,Ajmer(F&V),Guava,Other,Large,1000,2000,1600,24-Feb-19
218,Ajmer,Ajmer(F&V),Guava,Other,Large,1000,2000,1600,25-Feb-19
194,Ajmer,Ajmer(F&V),Guava,Other,Large,1000,2000,1500,26-Feb-19
198,Ajmer,Ajmer(F&V),Guava,Other,Large,1000,2000,1500,28-Feb-19
244,Ajmer,Ajmer(F&V),Guava,Other,Large,1000,2200,1600,03-Mar-19
11,Ajmer,Ajmer(F&V),Guava,Other,Large,800,1500,1200,06-Mar-19
32,Ajmer,Ajmer(F&V),Guava,Other,Large,800,1600,1300,07-Mar-19
86,Ajmer,Ajmer(F&V),Guava,Other,Large,800,2000,1400,08-Mar-19
87,Ajmer,Ajmer(F&V),Guava,Other,Large,800,2000,1400,09-Mar-19
89,Ajmer,Ajmer(F&V),Guava,Other,Large,800,2000,1400,10-Mar-19
3,Ajmer,Ajmer(F&V),Guava,Other,Large,700,2000,1500,12-Mar-19
208,Ajmer,Ajmer(F&V),Guava,Other,Large,1000,2000,1600,15-Mar-19
188,Ajmer,Ajmer(F&V),Guava,Other,Large,1000,2000,1500,16-Mar-19
210,Ajmer,Ajmer(F&V),Guava,Other,Large,1000,2000,1600,17-Mar-19
264,Ajmer,Ajmer(F&V),Guava,Other,Large,1000,2500,2000,22-Mar-19
98,Ajmer,Ajmer(F&V),Guava,Other,Large,800,2000,1500,23-Mar-19
217,Ajmer,Ajmer(F&V),Guava,Other,Large,1000,2000,1600,24-Mar-19
220,Ajmer,Ajmer(F&V),Guava,Other,Large,1000,2000,1600,25-Mar-19
228,Ajmer,Ajmer(F&V),Guava,Other,Large,1000,2000,1800,03-Apr-19
620,Ajmer,Ajmer(F&V),Guava,Other,Large,1500,2500,2000,22-Aug-19
937,Ajmer,Ajmer(F&V),Guava,Other,Large,2000,3000,2500,02-Nov-19
944,Ajmer,Ajmer(F&V),Guava,Other,Large,2000,3000,2500,06-Nov-19
982,Ajmer,Ajmer(F&V),Guava,Other,Large,2000,3500,2800,07-Nov-19
988,Ajmer,Ajmer(F&V),Guava,Other,Large,2000,3500,3000,08-Nov-19
993,Ajmer,Ajmer(F&V),Guava,Other,Large,2200,3000,2600,10-Nov-19
953,Ajmer,Ajmer(F&V),Guava,Other,Large,2000,3000,2500,11-Nov-19
977,Ajmer,Ajmer(F&V),Guava,Other,Large,2000,3200,2600,13-Nov-19
899,Ajmer,Ajmer(F&V),Guava,Other,Large,1800,3000,2400,14-Nov-19
703,Ajmer,Ajmer(F&V),Guava,Other,Large,1500,3000,2500,15-Nov-19
596,Ajmer,Ajmer(F&V),Guava,Other,Large,1500,2500,2000,16-Nov-19
650,Ajmer,Ajmer(F&V),Guava,Other,Large,1500,2500,2100,17-Nov-19
831,Ajmer,Ajmer(F&V),Guava,Other,Large,1800,2500,2200,18-Nov-19
1016,Ajmer,Ajmer(F&V),Guava,Other,Large,2500,3500,3000,19-Nov-19
1008,Ajmer,Ajmer(F&V),Guava,Other,Large,2500,3200,2900,20-Nov-19
1006,Ajmer,Ajmer(F&V),Guava,Other,Large,2500,3000,2800,21-Nov-19
960,Ajmer,Ajmer(F&V),Guava,Other,Large,2000,3000,2500,22-Nov-19
1018,Ajmer,Ajmer(F&V),Guava,Other,Large,2500,3500,3000,23-Nov-19
985,Ajmer,Ajmer(F&V),Guava,Other,Large,2000,3500,2800,24-Nov-19
963,Ajmer,Ajmer(F&V),Guava,Other,Large,2000,3000,2500,25-Nov-19
964,Ajmer,Ajmer(F&V),Guava,Other,Large,2000,3000,2500,26-Nov-19
986,Ajmer,Ajmer(F&V),Guava,Other,Large,2000,3500,2800,27-Nov-19
999,Ajmer,Ajmer(F&V),Guava,Other,Large,2200,3600,3000,28-Nov-19
987,Ajmer,Ajmer(F&V),Guava,Other,Large,2000,3500,2800,29-Nov-19
1007,Ajmer,Ajmer(F&V),Guava,Other,Large,2500,3000,2800,30-Nov-19
1002,Ajmer,Ajmer(F&V),Guava,Other,Large,2500,3000,2800,01-Dec-19
936,Ajmer,Ajmer(F&V),Guava,Other,Large,2000,3000,2500,02-Dec-19
939,Ajmer,Ajmer(F&V),Guava,Other,Large,2000,3000,2500,03-Dec-19
980,Ajmer,Ajmer(F&V),Guava,Other,Large,2000,3500,2800,04-Dec-19
981,Ajmer,Ajmer(F&V),Guava,Other,Large,2000,3500,2800,05-Dec-19
943,Ajmer,Ajmer(F&V),Guava,Other,Large,2000,3000,2500,06-Dec-19
971,Ajmer,Ajmer(F&V),Guava,Other,Large,2000,3000,2600,07-Dec-19
975,Ajmer,Ajmer(F&V),Guava,Other,Large,2000,3200,2600,08-Dec-19
948,Ajmer,Ajmer(F&V),Guava,Other,Large,2000,3000,2500,09-Dec-19
949,Ajmer,Ajmer(F&V),Guava,Other,Large,2000,3000,2500,10-Dec-19
952,Ajmer,Ajmer(F&V),Guava,Other,Large,2000,3000,2500,11-Dec-19
897,Ajmer,Ajmer(F&V),Guava,Other,Large,1800,3000,2400,13-Dec-19
808,Ajmer,Ajmer(F&V),Guava,Other,Large,1600,3000,2300,14-Dec-19
905,Ajmer,Ajmer(F&V),Guava,Other,Large,1800,3000,2500,15-Dec-19
902,Ajmer,Ajmer(F&V),Guava,Other,Large,1800,3000,2400,16-Dec-19
683,Ajmer,Ajmer(F&V),Guava,Other,Large,1500,3000,2300,17-Dec-19
679,Ajmer,Ajmer(F&V),Guava,Other,Large,1500,3000,2250,18-Dec-19
684,Ajmer,Ajmer(F&V),Guava,Other,Large,1500,3000,2300,19-Dec-19
692,Ajmer,Ajmer(F&V),Guava,Other,Large,1500,3000,2400,20-Dec-19
706,Ajmer,Ajmer(F&V),Guava,Other,Large,1500,3000,2500,21-Dec-19
685,Ajmer,Ajmer(F&V),Guava,Other,Large,1500,3000,2300,22-Dec-19
693,Ajmer,Ajmer(F&V),Guava,Other,Large,1500,3000,2400,23-Dec-19
708,Ajmer,Ajmer(F&V),Guava,Other,Large,1500,3000,2500,24-Dec-19
694,Ajmer,Ajmer(F&V),Guava,Other,Large,1500,3000,2400,25-Dec-19
710,Ajmer,Ajmer(F&V),Guava,Other,Large,1500,3000,2500,26-Dec-19
378,Ajmer,Ajmer(F&V),Guava,Other,Large,1400,3000,2200,27-Dec-19
687,Ajmer,Ajmer(F&V),Guava,Other,Large,1500,3000,2300,28-Dec-19
711,Ajmer,Ajmer(F&V),Guava,Other,Large,1500,3000,2500,29-Dec-19
688,Ajmer,Ajmer(F&V),Guava,Other,Large,1500,3000,2300,30-Dec-19
713,Ajmer,Ajmer(F&V),Guava,Other,Large,1500,3000,2500,31-Dec-19
714,Ajmer,Ajmer(F&V),Guava,Other,Large,1500,3000,2600,02-Jan-20
690,Ajmer,Ajmer(F&V),Guava,Other,Large,1500,3000,2400,03-Jan-20
697,Ajmer,Ajmer(F&V),Guava,Other,Large,1500,3000,2500,04-Jan-20
680,Ajmer,Ajmer(F&V),Guava,Other,Large,1500,3000,2300,05-Jan-20
677,Ajmer,Ajmer(F&V),Guava,Other,Large,1500,2800,2400,06-Jan-20
699,Ajmer,Ajmer(F&V),Guava,Other,Large,1500,3000,2500,07-Jan-20
681,Ajmer,Ajmer(F&V),Guava,Other,Large,1500,3000,2300,08-Jan-20
700,Ajmer,Ajmer(F&V),Guava,Other,Large,1500,3000,2500,09-Jan-20
674,Ajmer,Ajmer(F&V),Guava,Other,Large,1500,2800,2300,11-Jan-20
691,Ajmer,Ajmer(F&V),Guava,Other,Large,1500,3000,2400,12-Jan-20
701,Ajmer,Ajmer(F&V),Guava,Other,Large,1500,3000,2500,13-Jan-20
676,Ajmer,Ajmer(F&V),Guava,Other,Large,1500,2800,2300,14-Jan-20
702,Ajmer,Ajmer(F&V),Guava,Other,Large,1500,3000,2500,15-Jan-20
717,Ajmer,Ajmer(F&V),Guava,Other,Large,1500,3500,2500,16-Jan-20
719,Ajmer,Ajmer(F&V),Guava,Other,Large,1500,3500,2600,17-Jan-20
704,Ajmer,Ajmer(F&V),Guava,Other,Large,1500,3000,2500,18-Jan-20
718,Ajmer,Ajmer(F&V),Guava,Other,Large,1500,3500,2500,19-Jan-20
705,Ajmer,Ajmer(F&V),Guava,Other,Large,1500,3000,2500,20-Jan-20
678,Ajmer,Ajmer(F&V),Guava,Other,Large,1500,2800,2400,21-Jan-20
686,Ajmer,Ajmer(F&V),Guava,Other,Large,1500,3000,2300,22-Jan-20
707,Ajmer,Ajmer(F&V),Guava,Other,Large,1500,3000,2500,23-Jan-20
715,Ajmer,Ajmer(F&V),Guava,Other,Large,1500,3000,2600,24-Jan-20
709,Ajmer,Ajmer(F&V),Guava,Other,Large,1500,3000,2500,25-Jan-20
695,Ajmer,Ajmer(F&V),Guava,Other,Large,1500,3000,2400,26-Jan-20
809,Ajmer,Ajmer(F&V),Guava,Other,Large,1600,3000,2300,27-Jan-20
696,Ajmer,Ajmer(F&V),Guava,Other,Large,1500,3000,2400,28-Jan-20
712,Ajmer,Ajmer(F&V),Guava,Other,Large,1500,3000,2500,29-Jan-20
716,Ajmer,Ajmer(F&V),Guava,Other,Large,1500,3000,2600,30-Jan-20
689,Ajmer,Ajmer(F&V),Guava,Other,Large,1500,3000,2300,31-Jan-20
698,Ajmer,Ajmer(F&V),Guava,Other,Large,1500,3000,2500,07-Feb-20
810,Ajmer,Ajmer(F&V),Guava,Other,Large,1600,3000,2400,08-Feb-20
682,Ajmer,Ajmer(F&V),Guava,Other,Large,1500,3000,2300,10-Feb-20
255,Ajmer,Ajmer(F&V),Guava,Other,Large,1000,2500,1800,11-Feb-20
262,Ajmer,Ajmer(F&V),Guava,Other,Large,1000,2500,2000,12-Feb-20
461,Ajmer,Ajmer(F&V),Guava,Other,Large,1500,2000,1800,15-Feb-20
463,Ajmer,Ajmer(F&V),Guava,Other,Large,1500,2000,1800,16-Feb-20
465,Ajmer,Ajmer(F&V),Guava,Other,Large,1500,2000,1800,17-Feb-20
429,Ajmer,Ajmer(F&V),Guava,Other,Large,1500,2000,1750,18-Feb-20
432,Ajmer,Ajmer(F&V),Guava,Other,Large,1500,2000,1750,21-Feb-20
623,Ajmer,Ajmer(F&V),Guava,Other,Large,1500,2500,2000,23-Feb-20
632,Ajmer,Ajmer(F&V),Guava,Other,Large,1500,2500,2000,27-Feb-20
546,Ajmer,Ajmer(F&V),Guava,Other,Large,1500,2400,2100,28-Feb-20
638,Ajmer,Ajmer(F&V),Guava,Other,Large,1500,2500,2000,29-Feb-20
998,Ajmer,Ajmer(F&V),Guava,Other,Large,2200,3500,2850,25-Aug-20
933,Ajmer,Ajmer(F&V),Guava,Other,Large,2000,2800,2400,30-Aug-20
811,Ajmer,Ajmer(F&V),Guava,Other,Large,1600,3200,2500,06-Nov-20
668,Ajmer,Ajmer(F&V),Guava,Other,Large,1500,2800,2150,09-Nov-20
658,Ajmer,Ajmer(F&V),Guava,Other,Large,1500,2600,2050,10-Nov-20
777,Ajmer,Ajmer(F&V),Guava,Other,Large,1600,2500,2050,11-Nov-20
760,Ajmer,Ajmer(F&V),Guava,Other,Large,1600,2400,2000,13-Nov-20
763,Ajmer,Ajmer(F&V),Guava,Other,Large,1600,2400,2000,15-Nov-20
764,Ajmer,Ajmer(F&V),Guava,Other,Large,1600,2400,2000,16-Nov-20
599,Ajmer,Ajmer(F&V),Guava,Other,Large,1500,2500,2000,17-Nov-20
603,Ajmer,Ajmer(F&V),Guava,Other,Large,1500,2500,2000,18-Nov-20
801,Ajmer,Ajmer(F&V),Guava,Other,Large,1600,2800,2200,19-Nov-20
614,Ajmer,Ajmer(F&V),Guava,Other,Large,1500,2500,2000,20-Nov-20
769,Ajmer,Ajmer(F&V),Guava,Other,Large,1600,2400,2000,21-Nov-20
812,Ajmer,Ajmer(F&V),Guava,Other,Large,1800,2200,2000,22-Nov-20
745,Ajmer,Ajmer(F&V),Guava,Other,Large,1600,2200,1900,23-Nov-20
474,Ajmer,Ajmer(F&V),Guava,Other,Large,1500,2000,1800,24-Nov-20
516,Ajmer,Ajmer(F&V),Guava,Other,Large,1500,2200,1900,25-Nov-20
478,Ajmer,Ajmer(F&V),Guava,Other,Large,1500,2000,1800,26-Nov-20
512,Ajmer,Ajmer(F&V),Guava,Other,Large,1500,2200,1850,28-Nov-20
724,Ajmer,Ajmer(F&V),Guava,Other,Large,1600,2000,1800,29-Nov-20
507,Ajmer,Ajmer(F&V),Guava,Other,Large,1500,2200,1850,03-Dec-20
750,Ajmer,Ajmer(F&V),Guava,Other,Large,1600,2400,2000,04-Dec-20
560,Ajmer,Ajmer(F&V),Guava,Other,Large,1500,2500,2000,06-Dec-20
562,Ajmer,Ajmer(F&V),Guava,Other,Large,1500,2500,2000,07-Dec-20
521,Ajmer,Ajmer(F&V),Guava,Other,Large,1500,2300,1900,09-Dec-20
513,Ajmer,Ajmer(F&V),Guava,Other,Large,1500,2200,1900,10-Dec-20
456,Ajmer,Ajmer(F&V),Guava,Other,Large,1500,2000,1800,11-Dec-20
334,Ajmer,Ajmer(F&V),Guava,Other,Large,1400,1800,1600,12-Dec-20
743,Ajmer,Ajmer(F&V),Guava,Other,Large,1600,2200,1900,13-Dec-20
723,Ajmer,Ajmer(F&V),Guava,Other,Large,1600,2000,1800,14-Dec-20
460,Ajmer,Ajmer(F&V),Guava,Other,Large,1500,2000,1800,15-Dec-20
297,Ajmer,Ajmer(F&V),Guava,Other,Large,1200,2000,1600,16-Dec-20
276,Ajmer,Ajmer(F&V),Guava,Other,Large,1200,1800,1500,17-Dec-20
161,Ajmer,Ajmer(F&V),Guava,Other,Large,1000,1800,1400,18-Dec-20
299,Ajmer,Ajmer(F&V),Guava,Other,Large,1200,2000,1600,19-Dec-20
431,Ajmer,Ajmer(F&V),Guava,Other,Large,1500,2000,1750,20-Dec-20
340,Ajmer,Ajmer(F&V),Guava,Other,Large,1400,2000,1700,21-Dec-20
470,Ajmer,Ajmer(F&V),Guava,Other,Large,1500,2000,1800,22-Dec-20
278,Ajmer,Ajmer(F&V),Guava,Other,Large,1200,1800,1500,23-Dec-20
192,Ajmer,Ajmer(F&V),Guava,Other,Large,1000,2000,1500,24-Dec-20
163,Ajmer,Ajmer(F&V),Guava,Other,Large,1000,1800,1400,25-Dec-20
302,Ajmer,Ajmer(F&V),Guava,Other,Large,1200,2000,1600,26-Dec-20
196,Ajmer,Ajmer(F&V),Guava,Other,Large,1000,2000,1500,27-Dec-20
197,Ajmer,Ajmer(F&V),Guava,Other,Large,1000,2000,1500,28-Dec-20
165,Ajmer,Ajmer(F&V),Guava,Other,Large,1000,1800,1400,29-Dec-20
483,Ajmer,Ajmer(F&V),Guava,Other,Large,1500,2000,1800,31-Dec-20
274,Ajmer,Ajmer(F&V),Guava,Other,Large,1200,1800,1500,06-Jan-21
325,Ajmer,Ajmer(F&V),Guava,Other,Large,1300,1800,1550,07-Jan-21
275,Ajmer,Ajmer(F&V),Guava,Other,Large,1200,1800,1500,08-Jan-21
160,Ajmer,Ajmer(F&V),Guava,Other,Large,1000,1800,1400,09-Jan-21
293,Ajmer,Ajmer(F&V),Guava,Other,Large,1200,2000,1600,10-Jan-21
186,Ajmer,Ajmer(F&V),Guava,Other,Large,1000,2000,1500,11-Jan-21
295,Ajmer,Ajmer(F&V),Guava,Other,Large,1200,2000,1600,12-Jan-21
459,Ajmer,Ajmer(F&V),Guava,Other,Large,1500,2000,1800,13-Jan-21
338,Ajmer,Ajmer(F&V),Guava,Other,Large,1400,2000,1700,15-Jan-21
428,Ajmer,Ajmer(F&V),Guava,Other,Large,1500,2000,1750,16-Jan-21
332,Ajmer,Ajmer(F&V),Guava,Other,Large,1300,2000,1650,17-Jan-21
382,Ajmer,Ajmer(F&V),Guava,Other,Large,1500,1800,1700,18-Jan-21
162,Ajmer,Ajmer(F&V),Guava,Other,Large,1000,1800,1400,19-Jan-21
379,Ajmer,Ajmer(F&V),Guava,Other,Large,1500,1800,1650,20-Jan-21
341,Ajmer,Ajmer(F&V),Guava,Other,Large,1400,2000,1700,21-Jan-21
380,Ajmer,Ajmer(F&V),Guava,Other,Large,1500,1800,1650,22-Jan-21
342,Ajmer,Ajmer(F&V),Guava,Other,Large,1400,2000,1700,23-Jan-21
300,Ajmer,Ajmer(F&V),Guava,Other,Large,1200,2000,1600,24-Jan-21
327,Ajmer,Ajmer(F&V),Guava,Other,Large,1300,1800,1600,25-Jan-21
477,Ajmer,Ajmer(F&V),Guava,Other,Large,1500,2000,1800,26-Jan-21
381,Ajmer,Ajmer(F&V),Guava,Other,Large,1500,1800,1650,27-Jan-21
436,Ajmer,Ajmer(F&V),Guava,Other,Large,1500,2000,1750,29-Jan-21
304,Ajmer,Ajmer(F&V),Guava,Other,Large,1200,2000,1600,30-Jan-21
345,Ajmer,Ajmer(F&V),Guava,Other,Large,1400,2000,1700,31-Jan-21
583,Ajmer,Ajmer(F&V),Guava,Other,Large,1500,2500,2000,13-Feb-21
364,Ajmer,Ajmer(F&V),Guava,Other,Large,1400,2500,1950,14-Feb-21
536,Ajmer,Ajmer(F&V),Guava,Other,Large,1500,2400,1950,15-Feb-21
595,Ajmer,Ajmer(F&V),Guava,Other,Large,1500,2500,2000,16-Feb-21
359,Ajmer,Ajmer(F&V),Guava,Other,Large,1400,2400,1900,17-Feb-21
514,Ajmer,Ajmer(F&V),Guava,Other,Large,1500,2200,1900,18-Feb-21
608,Ajmer,Ajmer(F&V),Guava,Other,Large,1500,2500,2000,19-Feb-21
611,Ajmer,Ajmer(F&V),Guava,Other,Large,1500,2500,2000,20-Feb-21
617,Ajmer,Ajmer(F&V),Guava,Other,Large,1500,2500,2000,21-Feb-21
360,Ajmer,Ajmer(F&V),Guava,Other,Large,1400,2400,1900,22-Feb-21
624,Ajmer,Ajmer(F&V),Guava,Other,Large,1500,2500,2000,23-Feb-21
530,Ajmer,Ajmer(F&V),Guava,Other,Large,1500,2300,1900,24-Feb-21
573,Ajmer,Ajmer(F&V),Guava,Other,Large,1500,2500,2000,10-Mar-21
784,Ajmer,Ajmer(F&V),Guava,Other,Large,1600,2600,2100,11-Mar-21
829,Ajmer,Ajmer(F&V),Guava,Other,Large,1800,2500,2200,12-Mar-21
915,Ajmer,Ajmer(F&V),Guava,Other,Large,2000,2600,2300,17-Aug-21
766,Ajmer,Ajmer(F&V),Guava,Other,Large,1600,2400,2000,18-Aug-21
606,Ajmer,Ajmer(F&V),Guava,Other,Large,1500,2500,2000,19-Aug-21
622,Ajmer,Ajmer(F&V),Guava,Other,Large,1500,2500,2000,23-Aug-21
790,Ajmer,Ajmer(F&V),Guava,Other,Large,1600,2600,2100,24-Aug-21
791,Ajmer,Ajmer(F&V),Guava,Other,Large,1600,2600,2100,26-Aug-21
553,Ajmer,Ajmer(F&V),Guava,Other,Large,1500,2500,2000,03-Sep-21
532,Ajmer,Ajmer(F&V),Guava,Other,Large,1500,2400,1950,04-Sep-21
350,Ajmer,Ajmer(F&V),Guava,Other,Large,1400,2200,1800,05-Sep-21
561,Ajmer,Ajmer(F&V),Guava,Other,Large,1500,2500,2000,06-Sep-21
566,Ajmer,Ajmer(F&V),Guava,Other,Large,1500,2500,2000,07-Sep-21
755,Ajmer,Ajmer(F&V),Guava,Other,Large,1600,2400,2000,08-Sep-21
522,Ajmer,Ajmer(F&V),Guava,Other,Large,1500,2300,1900,09-Sep-21
575,Ajmer,Ajmer(F&V),Guava,Other,Large,1500,2500,2000,10-Sep-21
848,Ajmer,Ajmer(F&V),Guava,Other,Large,1800,2600,2200,12-Sep-21
590,Ajmer,Ajmer(F&V),Guava,Other,Large,1500,2500,2000,14-Sep-21
600,Ajmer,Ajmer(F&V),Guava,Other,Large,1500,2500,2000,17-Sep-21
605,Ajmer,Ajmer(F&V),Guava,Other,Large,1500,2500,2000,18-Sep-21
823,Ajmer,Ajmer(F&V),Guava,Other,Large,1800,2400,2100,28-Sep-21
906,Ajmer,Ajmer(F&V),Guava,Other,Large,2000,2400,2200,30-Sep-21
868,Ajmer,Ajmer(F&V),Guava,Other,Large,1800,2700,2300,07-Nov-21
568,Ajmer,Ajmer(F&V),Guava,Other,Large,1500,2500,2000,08-Nov-21
570,Ajmer,Ajmer(F&V),Guava,Other,Large,1500,2500,2000,09-Nov-21
533,Ajmer,Ajmer(F&V),Guava,Other,Large,1500,2400,1950,10-Nov-21
578,Ajmer,Ajmer(F&V),Guava,Other,Large,1500,2500,2000,11-Nov-21
524,Ajmer,Ajmer(F&V),Guava,Other,Large,1500,2300,1900,12-Nov-21
493,Ajmer,Ajmer(F&V),Guava,Other,Large,1500,2100,1800,14-Nov-21
819,Ajmer,Ajmer(F&V),Guava,Other,Large,1800,2400,2100,15-Nov-21
527,Ajmer,Ajmer(F&V),Guava,Other,Large,1500,2300,1900,16-Nov-21
821,Ajmer,Ajmer(F&V),Guava,Other,Large,1800,2400,2100,20-Nov-21
351,Ajmer,Ajmer(F&V),Guava,Other,Large,1400,2200,1800,21-Nov-21
744,Ajmer,Ajmer(F&V),Guava,Other,Large,1600,2200,1900,22-Nov-21
500,Ajmer,Ajmer(F&V),Guava,Other,Large,1500,2100,1800,23-Nov-21
511,Ajmer,Ajmer(F&V),Guava,Other,Large,1500,2200,1850,24-Nov-21
833,Ajmer,Ajmer(F&V),Guava,Other,Large,1800,2500,2200,25-Nov-21
825,Ajmer,Ajmer(F&V),Guava,Other,Large,1800,2400,2200,26-Nov-21
772,Ajmer,Ajmer(F&V),Guava,Other,Large,1600,2400,2000,28-Nov-21
824,Ajmer,Ajmer(F&V),Guava,Other,Large,1800,2400,2100,29-Nov-21
748,Ajmer,Ajmer(F&V),Guava,Other,Large,1600,2200,1900,30-Nov-21
542,Ajmer,Ajmer(F&V),Guava,Other,Large,1500,2400,2000,03-Dec-21
610,Ajmer,Ajmer(F&V),Guava,Other,Large,1500,2500,2000,20-Dec-21
531,Ajmer,Ajmer(F&V),Guava,Other,Large,1500,2400,1900,21-Dec-21
352,Ajmer,Ajmer(F&V),Guava,Other,Large,1400,2200,1800,22-Dec-21
529,Ajmer,Ajmer(F&V),Guava,Other,Large,1500,2300,1900,23-Dec-21
628,Ajmer,Ajmer(F&V),Guava,Other,Large,1500,2500,2000,25-Dec-21
747,Ajmer,Ajmer(F&V),Guava,Other,Large,1600,2200,1900,26-Dec-21
631,Ajmer,Ajmer(F&V),Guava,Other,Large,1500,2500,2000,27-Dec-21
540,Ajmer,Ajmer(F&V),Guava,Other,Large,1500,2400,1950,28-Dec-21
778,Ajmer,Ajmer(F&V),Guava,Other,Large,1600,2500,2100,29-Dec-21
642,Ajmer,Ajmer(F&V),Guava,Other,Large,1500,2500,2000,30-Dec-21
773,Ajmer,Ajmer(F&V),Guava,Other,Large,1600,2400,2000,31-Dec-21
779,Ajmer,Ajmer(F&V),Guava,Other,Large,1600,2600,2100,01-Jan-22
838,Ajmer,Ajmer(F&V),Guava,Other,Large,1800,2600,2200,03-Jan-22
751,Ajmer,Ajmer(F&V),Guava,Other,Large,1600,2400,2000,04-Jan-22
814,Ajmer,Ajmer(F&V),Guava,Other,Large,1800,2400,2100,05-Jan-22
753,Ajmer,Ajmer(F&V),Guava,Other,Large,1600,2400,2000,06-Jan-22
565,Ajmer,Ajmer(F&V),Guava,Other,Large,1500,2500,2000,07-Jan-22
842,Ajmer,Ajmer(F&V),Guava,Other,Large,1800,2600,2200,08-Jan-22
757,Ajmer,Ajmer(F&V),Guava,Other,Large,1600,2400,2000,09-Jan-22
572,Ajmer,Ajmer(F&V),Guava,Other,Large,1500,2500,2000,10-Jan-22
648,Ajmer,Ajmer(F&V),Guava,Other,Large,1500,2500,2100,11-Jan-22
847,Ajmer,Ajmer(F&V),Guava,Other,Large,1800,2600,2200,12-Jan-22
585,Ajmer,Ajmer(F&V),Guava,Other,Large,1500,2500,2000,13-Jan-22
535,Ajmer,Ajmer(F&V),Guava,Other,Large,1500,2400,1950,14-Jan-22
593,Ajmer,Ajmer(F&V),Guava,Other,Large,1500,2500,2000,15-Jan-22
765,Ajmer,Ajmer(F&V),Guava,Other,Large,1600,2400,2000,17-Jan-22
602,Ajmer,Ajmer(F&V),Guava,Other,Large,1500,2500,2000,18-Jan-22
789,Ajmer,Ajmer(F&V),Guava,Other,Large,1600,2600,2100,19-Jan-22
613,Ajmer,Ajmer(F&V),Guava,Other,Large,1500,2500,2000,20-Jan-22
537,Ajmer,Ajmer(F&V),Guava,Other,Large,1500,2400,1950,21-Jan-22
366,Ajmer,Ajmer(F&V),Guava,Other,Large,1400,2500,2000,22-Jan-22
627,Ajmer,Ajmer(F&V),Guava,Other,Large,1500,2500,2000,24-Jan-22
629,Ajmer,Ajmer(F&V),Guava,Other,Large,1500,2500,2000,25-Jan-22
539,Ajmer,Ajmer(F&V),Guava,Other,Large,1500,2400,1950,26-Jan-22
634,Ajmer,Ajmer(F&V),Guava,Other,Large,1500,2500,2000,27-Jan-22
541,Ajmer,Ajmer(F&V),Guava,Other,Large,1500,2400,1950,28-Jan-22
639,Ajmer,Ajmer(F&V),Guava,Other,Large,1500,2500,2000,29-Jan-22
361,Ajmer,Ajmer(F&V),Guava,Other,Large,1400,2400,1900,31-Jan-22
550,Ajmer,Ajmer(F&V),Guava,Other,Large,1500,2500,2000,01-Feb-22
797,Ajmer,Ajmer(F&V),Guava,Other,Large,1600,2800,2200,02-Feb-22
659,Ajmer,Ajmer(F&V),Guava,Other,Large,1500,2600,2100,03-Feb-22
369,Ajmer,Ajmer(F&V),Guava,Other,Large,1400,2600,2000,04-Feb-22
557,Ajmer,Ajmer(F&V),Guava,Other,Large,1500,2500,2000,05-Feb-22
356,Ajmer,Ajmer(F&V),Guava,Other,Large,1400,2400,1900,06-Feb-22
564,Ajmer,Ajmer(F&V),Guava,Other,Large,1500,2500,2000,07-Feb-22
526,Ajmer,Ajmer(F&V),Guava,Other,Large,1500,2300,1900,15-Feb-22
339,Ajmer,Ajmer(F&V),Guava,Other,Large,1400,2000,1700,17-Feb-22
601,Ajmer,Ajmer(F&V),Guava,Other,Large,1500,2500,2000,18-Feb-22
767,Ajmer,Ajmer(F&V),Guava,Other,Large,1600,2400,2000,19-Feb-22
496,Ajmer,Ajmer(F&V),Guava,Other,Large,1500,2100,1800,20-Feb-22
768,Ajmer,Ajmer(F&V),Guava,Other,Large,1600,2400,2000,21-Feb-22
353,Ajmer,Ajmer(F&V),Guava,Other,Large,1400,2200,1800,22-Feb-22
499,Ajmer,Ajmer(F&V),Guava,Other,Large,1500,2100,1800,23-Feb-22
633,Ajmer,Ajmer(F&V),Guava,Other,Large,1500,2500,2000,27-Feb-22
771,Ajmer,Ajmer(F&V),Guava,Other,Large,1600,2400,2000,28-Feb-22
551,Ajmer,Ajmer(F&V),Guava,Other,Large,1500,2500,2000,01-Mar-22
355,Ajmer,Ajmer(F&V),Guava,Other,Large,1400,2400,1900,03-Mar-22
555,Ajmer,Ajmer(F&V),Guava,Other,Large,1500,2500,2000,04-Mar-22
752,Ajmer,Ajmer(F&V),Guava,Other,Large,1600,2400,2000,05-Mar-22
520,Ajmer,Ajmer(F&V),Guava,Other,Large,1500,2300,1900,06-Mar-22
754,Ajmer,Ajmer(F&V),Guava,Other,Large,1600,2400,2000,07-Mar-22
567,Ajmer,Ajmer(F&V),Guava,Other,Large,1500,2500,2000,08-Mar-22
358,Ajmer,Ajmer(F&V),Guava,Other,Large,1400,2400,1900,09-Mar-22
574,Ajmer,Ajmer(F&V),Guava,Other,Large,1500,2500,2000,10-Mar-22
523,Ajmer,Ajmer(F&V),Guava,Other,Large,1500,2300,1900,11-Mar-22
586,Ajmer,Ajmer(F&V),Guava,Other,Large,1500,2500,2000,13-Mar-22
761,Ajmer,Ajmer(F&V),Guava,Other,Large,1600,2400,2000,14-Mar-22
818,Ajmer,Ajmer(F&V),Guava,Other,Large,1800,2400,2100,15-Mar-22
820,Ajmer,Ajmer(F&V),Guava,Other,Large,1800,2400,2100,16-Mar-22
832,Ajmer,Ajmer(F&V),Guava,Other,Large,1800,2500,2200,20-Mar-22
618,Ajmer,Ajmer(F&V),Guava,Other,Large,1500,2500,2000,21-Mar-22
538,Ajmer,Ajmer(F&V),Guava,Other,Large,1500,2400,1950,22-Mar-22
770,Ajmer,Ajmer(F&V),Guava,Other,Large,1600,2400,2000,23-Mar-22
921,Ajmer,Ajmer(F&V),Guava,Other,Large,2000,2600,2300,26-Mar-22
792,Ajmer,Ajmer(F&V),Guava,Other,Large,1600,2600,2100,27-Mar-22
969,Ajmer,Ajmer(F&V),Guava,Other,Large,2000,3000,2500,28-Mar-22
1000,Ajmer,Ajmer(F&V),Guava,Other,Large,2400,3200,2800,31-Mar-22
991,Ajmer,Ajmer(F&V),Guava,Other,Large,2200,3000,2600,07-Aug-22
898,Ajmer,Ajmer(F&V),Guava,Other,Large,1800,3000,2400,14-Aug-22
978,Ajmer,Ajmer(F&V),Guava,Other,Large,2000,3200,2600,17-Aug-22
880,Ajmer,Ajmer(F&V),Guava,Other,Large,1800,2800,2300,18-Aug-22
858,Ajmer,Ajmer(F&V),Guava,Other,Large,1800,2600,2200,24-Aug-22
864,Ajmer,Ajmer(F&V),Guava,Other,Large,1800,2600,2200,30-Aug-22
912,Ajmer,Ajmer(F&V),Guava,Other,Large,2000,2600,2300,13-Sep-22
903,Ajmer,Ajmer(F&V),Guava,Other,Large,1800,3000,2400,24-Sep-22
843,Ajmer,Ajmer(F&V),Guava,Other,Large,1800,2600,2200,08-Oct-22
875,Ajmer,Ajmer(F&V),Guava,Other,Large,1800,2800,2300,10-Oct-22
954,Ajmer,Ajmer(F&V),Guava,Other,Large,2000,3000,2500,11-Oct-22
900,Ajmer,Ajmer(F&V),Guava,Other,Large,1800,3000,2400,14-Oct-22
877,Ajmer,Ajmer(F&V),Guava,Other,Large,1800,2800,2300,15-Oct-22
851,Ajmer,Ajmer(F&V),Guava,Other,Large,1800,2600,2200,16-Oct-22
604,Ajmer,Ajmer(F&V),Guava,Other,Large,1500,2500,2000,18-Oct-22
666,Ajmer,Ajmer(F&V),Guava,Other,Large,1500,2600,2200,19-Oct-22
775,Ajmer,Ajmer(F&V),Guava,Other,Large,1600,2400,2100,29-Oct-22
834,Ajmer,Ajmer(F&V),Guava,Other,Large,1800,2500,2200,30-Oct-22
826,Ajmer,Ajmer(F&V),Guava,Other,Large,1800,2400,2200,31-Oct-22
870,Ajmer,Ajmer(F&V),Guava,Other,Large,1800,2800,2300,01-Nov-22
782,Ajmer,Ajmer(F&V),Guava,Other,Large,1600,2600,2100,06-Nov-22
841,Ajmer,Ajmer(F&V),Guava,Other,Large,1800,2600,2200,07-Nov-22
816,Ajmer,Ajmer(F&V),Guava,Other,Large,1800,2400,2100,09-Nov-22
758,Ajmer,Ajmer(F&V),Guava,Other,Large,1600,2400,2000,10-Nov-22
846,Ajmer,Ajmer(F&V),Guava,Other,Large,1800,2600,2200,11-Nov-22
785,Ajmer,Ajmer(F&V),Guava,Other,Large,1600,2600,2100,12-Nov-22
587,Ajmer,Ajmer(F&V),Guava,Other,Large,1500,2500,2000,13-Nov-22
762,Ajmer,Ajmer(F&V),Guava,Other,Large,1600,2400,2000,14-Nov-22
850,Ajmer,Ajmer(F&V),Guava,Other,Large,1800,2600,2200,15-Nov-22
787,Ajmer,Ajmer(F&V),Guava,Other,Large,1600,2600,2100,16-Nov-22
662,Ajmer,Ajmer(F&V),Guava,Other,Large,1500,2600,2100,18-Nov-22
363,Ajmer,Ajmer(F&V),Guava,Other,Large,1400,2400,2000,19-Nov-22
615,Ajmer,Ajmer(F&V),Guava,Other,Large,1500,2500,2000,20-Nov-22
774,Ajmer,Ajmer(F&V),Guava,Other,Large,1600,2400,2100,21-Nov-22
621,Ajmer,Ajmer(F&V),Guava,Other,Large,1500,2500,2000,22-Nov-22
653,Ajmer,Ajmer(F&V),Guava,Other,Large,1500,2500,2100,24-Nov-22
372,Ajmer,Ajmer(F&V),Guava,Other,Large,1400,2600,2000,25-Nov-22
367,Ajmer,Ajmer(F&V),Guava,Other,Large,1400,2500,2000,26-Nov-22
656,Ajmer,Ajmer(F&V),Guava,Other,Large,1500,2500,2200,27-Nov-22
636,Ajmer,Ajmer(F&V),Guava,Other,Large,1500,2500,2000,28-Nov-22
373,Ajmer,Ajmer(F&V),Guava,Other,Large,1400,2600,2000,29-Nov-22
644,Ajmer,Ajmer(F&V),Guava,Other,Large,1500,2500,2000,30-Nov-22
362,Ajmer,Ajmer(F&V),Guava,Other,Large,1400,2400,2000,02-Dec-22
333,Ajmer,Ajmer(F&V),Guava,Other,Large,1300,2600,1950,03-Dec-22
1023,Ajmer,Ajmer(F&V),Guava,Other,Large,3800,5200,4600,04-Dec-22
660,Ajmer,Ajmer(F&V),Guava,Other,Large,1500,2600,2100,05-Dec-22
793,Ajmer,Ajmer(F&V),Guava,Other,Large,1600,2600,2200,06-Dec-22
563,Ajmer,Ajmer(F&V),Guava,Other,Large,1500,2500,2000,07-Dec-22
357,Ajmer,Ajmer(F&V),Guava,Other,Large,1400,2400,1900,09-Dec-22
571,Ajmer,Ajmer(F&V),Guava,Other,Large,1500,2500,2000,10-Dec-22
665,Ajmer,Ajmer(F&V),Guava,Other,Large,1500,2600,2200,11-Dec-22
579,Ajmer,Ajmer(F&V),Guava,Other,Large,1500,2500,2000,12-Dec-22
794,Ajmer,Ajmer(F&V),Guava,Other,Large,1600,2600,2200,13-Dec-22
675,Ajmer,Ajmer(F&V),Guava,Other,Large,1500,2800,2300,14-Dec-22
370,Ajmer,Ajmer(F&V),Guava,Other,Large,1400,2600,2000,15-Dec-22
365,Ajmer,Ajmer(F&V),Guava,Other,Large,1400,2500,1950,16-Dec-22
597,Ajmer,Ajmer(F&V),Guava,Other,Large,1500,2500,2000,17-Dec-22
375,Ajmer,Ajmer(F&V),Guava,Other,Large,1400,2600,2100,18-Dec-22
607,Ajmer,Ajmer(F&V),Guava,Other,Large,1500,2500,2000,19-Dec-22
796,Ajmer,Ajmer(F&V),Guava,Other,Large,1600,2600,2200,20-Dec-22
616,Ajmer,Ajmer(F&V),Guava,Other,Large,1500,2500,2000,21-Dec-22
371,Ajmer,Ajmer(F&V),Guava,Other,Large,1400,2600,2000,22-Dec-22
626,Ajmer,Ajmer(F&V),Guava,Other,Large,1500,2500,2000,24-Dec-22
301,Ajmer,Ajmer(F&V),Guava,Other,Large,1200,2000,1600,25-Dec-22
303,Ajmer,Ajmer(F&V),Guava,Other,Large,1200,2000,1600,26-Dec-22
343,Ajmer,Ajmer(F&V),Guava,Other,Large,1400,2000,1700,27-Dec-22
315,Ajmer,Ajmer(F&V),Guava,Other,Large,1200,2000,1800,28-Dec-22
344,Ajmer,Ajmer(F&V),Guava,Other,Large,1400,2000,1700,29-Dec-22
316,Ajmer,Ajmer(F&V),Guava,Other,Large,1200,2000,1800,30-Dec-22
249,Ajmer,Ajmer(F&V),Guava,Other,Large,1000,2200,1600,31-Dec-22
181,Ajmer,Ajmer(F&V),Guava,Other,Large,1000,2000,1500,01-Jan-23
288,Ajmer,Ajmer(F&V),Guava,Other,Large,1200,2000,1600,02-Jan-23
243,Ajmer,Ajmer(F&V),Guava,Other,Large,1000,2200,1600,03-Jan-23
318,Ajmer,Ajmer(F&V),Guava,Other,Large,1200,2200,1800,04-Jan-23
290,Ajmer,Ajmer(F&V),Guava,Other,Large,1200,2000,1600,05-Jan-23
183,Ajmer,Ajmer(F&V),Guava,Other,Large,1000,2000,1500,07-Jan-23
246,Ajmer,Ajmer(F&V),Guava,Other,Large,1000,2200,1600,08-Jan-23
294,Ajmer,Ajmer(F&V),Guava,Other,Large,1200,2000,1600,10-Jan-23
426,Ajmer,Ajmer(F&V),Guava,Other,Large,1500,2000,1750,11-Jan-23
457,Ajmer,Ajmer(F&V),Guava,Other,Large,1500,2000,1800,12-Jan-23
337,Ajmer,Ajmer(F&V),Guava,Other,Large,1400,2000,1700,13-Jan-23
335,Ajmer,Ajmer(F&V),Guava,Other,Large,1400,1900,1700,14-Jan-23
330,Ajmer,Ajmer(F&V),Guava,Other,Large,1300,1800,1800,15-Jan-23
298,Ajmer,Ajmer(F&V),Guava,Other,Large,1200,2000,1600,16-Jan-23
277,Ajmer,Ajmer(F&V),Guava,Other,Large,1200,1800,1500,17-Jan-23
283,Ajmer,Ajmer(F&V),Guava,Other,Large,1200,1800,1600,20-Jan-23
433,Ajmer,Ajmer(F&V),Guava,Other,Large,1500,2000,1750,22-Jan-23
348,Ajmer,Ajmer(F&V),Guava,Other,Large,1400,2000,1800,23-Jan-23
501,Ajmer,Ajmer(F&V),Guava,Other,Large,1500,2100,1800,24-Jan-23
746,Ajmer,Ajmer(F&V),Guava,Other,Large,1600,2200,1900,25-Jan-23
490,Ajmer,Ajmer(F&V),Guava,Other,Large,1500,2000,1900,27-Jan-23
354,Ajmer,Ajmer(F&V),Guava,Other,Large,1400,2200,1800,28-Jan-23
640,Ajmer,Ajmer(F&V),Guava,Other,Large,1500,2500,2000,29-Jan-23
907,Ajmer,Ajmer(F&V),Guava,Other,Large,2000,2500,2250,30-Jan-23
502,Ajmer,Ajmer(F&V),Guava,Other,Large,1500,2100,1800,31-Jan-23
423,Ajmer,Ajmer(F&V),Guava,Other,Large,1500,2000,1750,01-Feb-23
492,Ajmer,Ajmer(F&V),Guava,Other,Large,1500,2100,1800,02-Feb-23
740,Ajmer,Ajmer(F&V),Guava,Other,Large,1600,2200,1900,03-Feb-23
519,Ajmer,Ajmer(F&V),Guava,Other,Large,1500,2300,1900,04-Feb-23
543,Ajmer,Ajmer(F&V),Guava,Other,Large,1500,2400,2000,06-Feb-23
741,Ajmer,Ajmer(F&V),Guava,Other,Large,1600,2200,1900,07-Feb-23
827,Ajmer,Ajmer(F&V),Guava,Other,Large,1800,2500,2200,08-Feb-23
756,Ajmer,Ajmer(F&V),Guava,Other,Large,1600,2400,2000,09-Feb-23
828,Ajmer,Ajmer(F&V),Guava,Other,Large,1800,2500,2200,10-Feb-23
759,Ajmer,Ajmer(F&V),Guava,Other,Large,1600,2400,2000,11-Feb-23
817,Ajmer,Ajmer(F&V),Guava,Other,Large,1800,2400,2100,12-Feb-23
910,Ajmer,Ajmer(F&V),Guava,Other,Large,2000,2600,2300,13-Feb-23
830,Ajmer,Ajmer(F&V),Guava,Other,Large,1800,2500,2200,14-Feb-23
849,Ajmer,Ajmer(F&V),Guava,Other,Large,1800,2600,2200,15-Feb-23
891,Ajmer,Ajmer(F&V),Guava,Other,Large,1800,2800,2400,16-Feb-23
957,Ajmer,Ajmer(F&V),Guava,Other,Large,2000,3000,2500,17-Feb-23
892,Ajmer,Ajmer(F&V),Guava,Other,Large,1800,2800,2400,18-Feb-23
916,Ajmer,Ajmer(F&V),Guava,Other,Large,2000,2600,2300,19-Feb-23
929,Ajmer,Ajmer(F&V),Guava,Other,Large,2000,2800,2400,21-Feb-23
917,Ajmer,Ajmer(F&V),Guava,Other,Large,2000,2600,2300,22-Feb-23
919,Ajmer,Ajmer(F&V),Guava,Other,Large,2000,2600,2300,23-Feb-23
859,Ajmer,Ajmer(F&V),Guava,Other,Large,1800,2600,2200,24-Feb-23
973,Ajmer,Ajmer(F&V),Guava,Other,Large,2000,3000,2600,26-Feb-23
885,Ajmer,Ajmer(F&V),Guava,Other,Large,1800,2800,2300,27-Feb-23
863,Ajmer,Ajmer(F&V),Guava,Other,Large,1800,2600,2200,28-Feb-23
908,Ajmer,Ajmer(F&V),Guava,Other,Large,2000,2600,2300,01-Mar-23
941,Ajmer,Ajmer(F&V),Guava,Other,Large,2000,3000,2500,05-Mar-23
974,Ajmer,Ajmer(F&V),Guava,Other,Large,2000,3200,2600,06-Mar-23
1003,Ajmer,Ajmer(F&V),Guava,Other,Large,2500,3000,2800,09-Mar-23
1022,Ajmer,Ajmer(F&V),Guava,Other,Large,2600,3600,3100,21-Mar-23
1009,Ajmer,Ajmer(F&V),Guava,Other,Large,2500,3500,3000,01-Apr-23
1011,Ajmer,Ajmer(F&V),Guava,Other,Large,2500,3500,3000,04-Apr-23
1019,Ajmer,Ajmer(F&V),Guava,Other,Large,2500,4000,3300,22-Jul-23
1020,Ajmer,Ajmer(F&V),Guava,Other,Large,2500,4000,3500,29-Jul-23
1021,Ajmer,Ajmer(F&V),Guava,Other,Large,2500,4000,3600,30-Jul-23
1010,Ajmer,Ajmer(F&V),Guava,Other,Large,2500,3500,3000,02-Aug-23
1013,Ajmer,Ajmer(F&V),Guava,Other,Large,2500,3500,3000,05-Aug-23
1014,Ajmer,Ajmer(F&V),Guava,Other,Large,2500,3500,3000,07-Aug-23
947,Ajmer,Ajmer(F&V),Guava,Other,Large,2000,3000,2500,09-Aug-23
992,Ajmer,Ajmer(F&V),Guava,Other,Large,2200,3000,2600,10-Aug-23
979,Ajmer,Ajmer(F&V),Guava,Other,Large,2000,3200,2800,11-Aug-23
1001,Ajmer,Ajmer(F&V),Guava,Other,Large,2400,3500,3000,12-Aug-23
1015,Ajmer,Ajmer(F&V),Guava,Other,Large,2500,3500,3000,13-Aug-23
997,Ajmer,Ajmer(F&V),Guava,Other,Large,2200,3200,2700,14-Aug-23
1005,Ajmer,Ajmer(F&V),Guava,Other,Large,2500,3000,2800,17-Aug-23
928,Ajmer,Ajmer(F&V),Guava,Other,Large,2000,2800,2400,18-Aug-23
528,Ajmer,Ajmer(F&V),Guava,Other,Large,1500,2300,1900,21-Aug-23
469,Ajmer,Ajmer(F&V),Guava,Other,Large,1500,2000,1800,22-Aug-23
498,Ajmer,Ajmer(F&V),Guava,Other,Large,1500,2100,1800,23-Aug-23
625,Ajmer,Ajmer(F&V),Guava,Other,Large,1500,2500,2000,24-Aug-23
654,Ajmer,Ajmer(F&V),Guava,Other,Large,1500,2500,2100,25-Aug-23
630,Ajmer,Ajmer(F&V),Guava,Other,Large,1500,2500,2000,26-Aug-23
349,Ajmer,Ajmer(F&V),Guava,Other,Large,1400,2000,1800,28-Aug-23
503,Ajmer,Ajmer(F&V),Guava,Other,Large,1500,2100,1900,29-Aug-23
922,Ajmer,Ajmer(F&V),Guava,Other,Large,2000,2800,2400,01-Sep-23
871,Ajmer,Ajmer(F&V),Guava,Other,Large,1800,2800,2300,02-Sep-23
895,Ajmer,Ajmer(F&V),Guava,Other,Large,1800,3000,2400,03-Sep-23
872,Ajmer,Ajmer(F&V),Guava,Other,Large,1800,2800,2300,04-Sep-23
559,Ajmer,Ajmer(F&V),Guava,Other,Large,1500,2500,2000,05-Sep-23
742,Ajmer,Ajmer(F&V),Guava,Other,Large,1600,2200,1900,09-Sep-23
576,Ajmer,Ajmer(F&V),Guava,Other,Large,1500,2500,2000,10-Sep-23
534,Ajmer,Ajmer(F&V),Guava,Other,Large,1500,2400,1950,11-Sep-23
581,Ajmer,Ajmer(F&V),Guava,Other,Large,1500,2500,2000,12-Sep-23
588,Ajmer,Ajmer(F&V),Guava,Other,Large,1500,2500,2000,13-Sep-23
525,Ajmer,Ajmer(F&V),Guava,Other,Large,1500,2300,1900,14-Sep-23
494,Ajmer,Ajmer(F&V),Guava,Other,Large,1500,2100,1800,16-Sep-23
495,Ajmer,Ajmer(F&V),Guava,Other,Large,1500,2100,1800,17-Sep-23
430,Ajmer,Ajmer(F&V),Guava,Other,Large,1500,2000,1750,18-Sep-23
609,Ajmer,Ajmer(F&V),Guava,Other,Large,1500,2500,2000,19-Sep-23
855,Ajmer,Ajmer(F&V),Guava,Other,Large,1800,2600,2200,21-Sep-23
822,Ajmer,Ajmer(F&V),Guava,Other,Large,1800,2400,2100,22-Sep-23
860,Ajmer,Ajmer(F&V),Guava,Other,Large,1800,2600,2200,25-Sep-23
965,Ajmer,Ajmer(F&V),Guava,Other,Large,2000,3000,2500,26-Sep-23
931,Ajmer,Ajmer(F&V),Guava,Other,Large,2000,2800,2400,27-Sep-23
938,Ajmer,Ajmer(F&V),Guava,Other,Large,2000,3000,2500,02-Oct-23
940,Ajmer,Ajmer(F&V),Guava,Other,Large,2000,3000,2500,03-Oct-23
990,Ajmer,Ajmer(F&V),Guava,Other,Large,2000,4000,3000,04-Oct-23
989,Ajmer,Ajmer(F&V),Guava,Other,Large,2000,3600,2800,05-Oct-23
945,Ajmer,Ajmer(F&V),Guava,Other,Large,2000,3000,2500,06-Oct-23
946,Ajmer,Ajmer(F&V),Guava,Other,Large,2000,3000,2500,07-Oct-23
983,Ajmer,Ajmer(F&V),Guava,Other,Large,2000,3500,2800,08-Oct-23
976,Ajmer,Ajmer(F&V),Guava,Other,Large,2000,3200,2600,09-Oct-23
950,Ajmer,Ajmer(F&V),Guava,Other,Large,2000,3000,2500,10-Oct-23
984,Ajmer,Ajmer(F&V),Guava,Other,Large,2000,3500,2800,11-Oct-23
955,Ajmer,Ajmer(F&V),Guava,Other,Large,2000,3000,2500,12-Oct-23
927,Ajmer,Ajmer(F&V),Guava,Other,Large,2000,2800,2400,16-Oct-23
994,Ajmer,Ajmer(F&V),Guava,Other,Large,2200,3000,2600,17-Oct-23
958,Ajmer,Ajmer(F&V),Guava,Other,Large,2000,3000,2500,18-Oct-23
959,Ajmer,Ajmer(F&V),Guava,Other,Large,2000,3000,2500,20-Oct-23
995,Ajmer,Ajmer(F&V),Guava,Other,Large,2200,3000,2600,21-Oct-23
961,Ajmer,Ajmer(F&V),Guava,Other,Large,2000,3000,2500,22-Oct-23
996,Ajmer,Ajmer(F&V),Guava,Other,Large,2200,3000,2600,23-Oct-23
962,Ajmer,Ajmer(F&V),Guava,Other,Large,2000,3000,2500,24-Oct-23
972,Ajmer,Ajmer(F&V),Guava,Other,Large,2000,3000,2600,25-Oct-23
894,Ajmer,Ajmer(F&V),Guava,Other,Large,1800,2800,2500,26-Oct-23
966,Ajmer,Ajmer(F&V),Guava,Other,Large,2000,3000,2500,27-Oct-23
835,Ajmer,Ajmer(F&V),Guava,Other,Large,1800,2600,2100,29-Oct-23
970,Ajmer,Ajmer(F&V),Guava,Other,Large,2000,3000,2500,30-Oct-23
888,Ajmer,Ajmer(F&V),Guava,Other,Large,1800,2800,2300,31-Oct-23
133,Ajmer,Ajmer(F&V),Guava,Other,Large,800,2800,2400,01-Nov-23
923,Ajmer,Ajmer(F&V),Guava,Other,Large,2000,2800,2400,02-Nov-23
839,Ajmer,Ajmer(F&V),Guava,Other,Large,1800,2600,2200,03-Nov-23
924,Ajmer,Ajmer(F&V),Guava,Other,Large,2000,2800,2400,04-Nov-23
873,Ajmer,Ajmer(F&V),Guava,Other,Large,1800,2800,2300,05-Nov-23
840,Ajmer,Ajmer(F&V),Guava,Other,Large,1800,2600,2200,06-Nov-23
815,Ajmer,Ajmer(F&V),Guava,Other,Large,1800,2400,2100,07-Nov-23
926,Ajmer,Ajmer(F&V),Guava,Other,Large,2000,2800,2400,08-Nov-23
874,Ajmer,Ajmer(F&V),Guava,Other,Large,1800,2800,2300,09-Nov-23
799,Ajmer,Ajmer(F&V),Guava,Other,Large,1600,2800,2200,15-Nov-23
878,Ajmer,Ajmer(F&V),Guava,Other,Large,1800,2800,2300,16-Nov-23
788,Ajmer,Ajmer(F&V),Guava,Other,Large,1600,2600,2100,17-Nov-23
802,Ajmer,Ajmer(F&V),Guava,Other,Large,1600,2800,2200,20-Nov-23
619,Ajmer,Ajmer(F&V),Guava,Other,Large,1500,2500,2000,21-Nov-23
904,Ajmer,Ajmer(F&V),Guava,Other,Large,1800,3000,2400,28-Nov-23
887,Ajmer,Ajmer(F&V),Guava,Other,Large,1800,2800,2300,29-Nov-23
645,Ajmer,Ajmer(F&V),Guava,Other,Large,1500,2500,2000,30-Nov-23
368,Ajmer,Ajmer(F&V),Guava,Other,Large,1400,2600,2000,01-Dec-23
552,Ajmer,Ajmer(F&V),Guava,Other,Large,1500,2500,2000,02-Dec-23
837,Ajmer,Ajmer(F&V),Guava,Other,Large,1800,2600,2200,03-Dec-23
780,Ajmer,Ajmer(F&V),Guava,Other,Large,1600,2600,2100,04-Dec-23
556,Ajmer,Ajmer(F&V),Guava,Other,Large,1500,2500,2000,05-Dec-23
781,Ajmer,Ajmer(F&V),Guava,Other,Large,1600,2600,2100,06-Dec-23
655,Ajmer,Ajmer(F&V),Guava,Other,Large,1500,2500,2200,07-Dec-23
867,Ajmer,Ajmer(F&V),Guava,Other,Large,1800,2600,2300,08-Dec-23
569,Ajmer,Ajmer(F&V),Guava,Other,Large,1500,2500,2000,09-Dec-23
582,Ajmer,Ajmer(F&V),Guava,Other,Large,1500,2500,2000,13-Dec-23
374,Ajmer,Ajmer(F&V),Guava,Other,Large,1400,2600,2100,14-Dec-23
591,Ajmer,Ajmer(F&V),Guava,Other,Large,1500,2500,2000,15-Dec-23
651,Ajmer,Ajmer(F&V),Guava,Other,Large,1500,2500,2100,18-Dec-23
672,Ajmer,Ajmer(F&V),Guava,Other,Large,1500,2800,2200,19-Dec-23
663,Ajmer,Ajmer(F&V),Guava,Other,Large,1500,2600,2100,20-Dec-23
803,Ajmer,Ajmer(F&V),Guava,Other,Large,1600,2800,2200,21-Dec-23
882,Ajmer,Ajmer(F&V),Guava,Other,Large,1800,2800,2300,22-Dec-23
804,Ajmer,Ajmer(F&V),Guava,Other,Large,1600,2800,2200,27-Dec-23
635,Ajmer,Ajmer(F&V),Guava,Other,Large,1500,2500,2000,28-Dec-23
376,Ajmer,Ajmer(F&V),Guava,Other,Large,1400,2600,2100,29-Dec-23
643,Ajmer,Ajmer(F&V),Guava,Other,Large,1500,2500,2000,30-Dec-23
377,Ajmer,Ajmer(F&V),Guava,Other,Large,1400,2600,2200,31-Dec-23
647,Ajmer,Ajmer(F&V),Guava,Other,Large,1500,2500,2100,01-Jan-24
669,Ajmer,Ajmer(F&V),Guava,Other,Large,1500,2800,2200,02-Jan-24
667,Ajmer,Ajmer(F&V),Guava,Other,Large,1500,2600,2300,03-Jan-24
554,Ajmer,Ajmer(F&V),Guava,Other,Large,1500,2500,2000,04-Jan-24
664,Ajmer,Ajmer(F&V),Guava,Other,Large,1500,2600,2200,05-Jan-24
805,Ajmer,Ajmer(F&V),Guava,Other,Large,1600,2800,2300,06-Jan-24
889,Ajmer,Ajmer(F&V),Guava,Other,Large,1800,2800,2400,07-Jan-24
935,Ajmer,Ajmer(F&V),Guava,Other,Large,2000,2800,2500,08-Jan-24
844,Ajmer,Ajmer(F&V),Guava,Other,Large,1800,2600,2200,09-Jan-24
783,Ajmer,Ajmer(F&V),Guava,Other,Large,1600,2600,2100,10-Jan-24
580,Ajmer,Ajmer(F&V),Guava,Other,Large,1500,2500,2000,12-Jan-24
798,Ajmer,Ajmer(F&V),Guava,Other,Large,1600,2800,2200,13-Jan-24
876,Ajmer,Ajmer(F&V),Guava,Other,Large,1800,2800,2300,14-Jan-24
795,Ajmer,Ajmer(F&V),Guava,Other,Large,1600,2600,2200,15-Jan-24
800,Ajmer,Ajmer(F&V),Guava,Other,Large,1600,2800,2200,16-Jan-24
879,Ajmer,Ajmer(F&V),Guava,Other,Large,1800,2800,2300,17-Jan-24
883,Ajmer,Ajmer(F&V),Guava,Other,Large,1800,2800,2300,22-Jan-24
857,Ajmer,Ajmer(F&V),Guava,Other,Large,1800,2600,2200,23-Jan-24
884,Ajmer,Ajmer(F&V),Guava,Other,Large,1800,2800,2300,24-Jan-24
862,Ajmer,Ajmer(F&V),Guava,Other,Large,1800,2600,2200,27-Jan-24
807,Ajmer,Ajmer(F&V),Guava,Other,Large,1600,2800,2300,28-Jan-24
893,Ajmer,Ajmer(F&V),Guava,Other,Large,1800,2800,2400,29-Jan-24
646,Ajmer,Ajmer(F&V),Guava,Other,Large,1500,2500,2000,31-Jan-24
836,Ajmer,Ajmer(F&V),Guava,Other,Large,1800,2600,2200,01-Feb-24
865,Ajmer,Ajmer(F&V),Guava,Other,Large,1800,2600,2300,02-Feb-24
749,Ajmer,Ajmer(F&V),Guava,Other,Large,1600,2400,2000,03-Feb-24
813,Ajmer,Ajmer(F&V),Guava,Other,Large,1800,2400,2100,04-Feb-24
558,Ajmer,Ajmer(F&V),Guava,Other,Large,1500,2500,2000,05-Feb-24
670,Ajmer,Ajmer(F&V),Guava,Other,Large,1500,2800,2200,06-Feb-24
866,Ajmer,Ajmer(F&V),Guava,Other,Large,1800,2600,2300,07-Feb-24
845,Ajmer,Ajmer(F&V),Guava,Other,Large,1800,2600,2200,10-Feb-24
909,Ajmer,Ajmer(F&V),Guava,Other,Large,2000,2600,2300,11-Feb-24
671,Ajmer,Ajmer(F&V),Guava,Other,Large,1500,2800,2200,12-Feb-24
584,Ajmer,Ajmer(F&V),Guava,Other,Large,1500,2500,2000,13-Feb-24
786,Ajmer,Ajmer(F&V),Guava,Other,Large,1600,2600,2100,14-Feb-24
901,Ajmer,Ajmer(F&V),Guava,Other,Large,1800,3000,2400,15-Feb-24
806,Ajmer,Ajmer(F&V),Guava,Other,Large,1600,2800,2300,19-Feb-24
853,Ajmer,Ajmer(F&V),Guava,Other,Large,1800,2600,2200,20-Feb-24
869,Ajmer,Ajmer(F&V),Guava,Other,Large,1800,2700,2300,21-Feb-24
652,Ajmer,Ajmer(F&V),Guava,Other,Large,1500,2500,2100,22-Feb-24
856,Ajmer,Ajmer(F&V),Guava,Other,Large,1800,2600,2200,23-Feb-24
930,Ajmer,Ajmer(F&V),Guava,Other,Large,2000,2800,2400,26-Feb-24
861,Ajmer,Ajmer(F&V),Guava,Other,Large,1800,2600,2200,27-Feb-24
932,Ajmer,Ajmer(F&V),Guava,Other,Large,2000,2800,2400,28-Feb-24
886,Ajmer,Ajmer(F&V),Guava,Other,Large,1800,2800,2300,29-Feb-24
673,Ajmer,Ajmer(F&V),Guava,Other,Large,1500,2800,2300,02-Mar-24
942,Ajmer,Ajmer(F&V),Guava,Other,Large,2000,3000,2500,05-Mar-24
661,Ajmer,Ajmer(F&V),Guava,Other,Large,1500,2600,2100,06-Mar-24
890,Ajmer,Ajmer(F&V),Guava,Other,Large,1800,2800,2400,09-Mar-24
577,Ajmer,Ajmer(F&V),Guava,Other,Large,1500,2500,2000,11-Mar-24
911,Ajmer,Ajmer(F&V),Guava,Other,Large,2000,2600,2300,13-Mar-24
956,Ajmer,Ajmer(F&V),Guava,Other,Large,2000,3000,2500,15-Mar-24
914,Ajmer,Ajmer(F&V),Guava,Other,Large,2000,2600,2300,16-Mar-24
852,Ajmer,Ajmer(F&V),Guava,Other,Large,1800,2600,2200,17-Mar-24
881,Ajmer,Ajmer(F&V),Guava,Other,Large,1800,2800,2300,19-Mar-24
854,Ajmer,Ajmer(F&V),Guava,Other,Large,1800,2600,2200,21-Mar-24
918,Ajmer,Ajmer(F&V),Guava,Other,Large,2000,2600,2300,22-Mar-24
934,Ajmer,Ajmer(F&V),Guava,Other,Large,2000,2800,2500,02-Apr-24
925,Ajmer,Ajmer(F&V),Guava,Other,Large,2000,2800,2400,08-Apr-24
951,Ajmer,Ajmer(F&V),Guava,Other,Large,2000,3000,2500,11-Apr-24
896,Ajmer,Ajmer(F&V),Guava,Other,Large,1800,3000,2400,12-Apr-24
913,Ajmer,Ajmer(F&V),Guava,Other,Large,2000,2600,2300,16-Apr-24
920,Ajmer,Ajmer(F&V),Guava,Other,Large,2000,2600,2300,24-Apr-24
967,Ajmer,Ajmer(F&V),Guava,Other,Large,2000,3000,2500,28-Apr-24
1004,Ajmer,Ajmer(F&V),Guava,Other,Large,2500,3000,2800,14-May-24
968,Ajmer,Ajmer(F&V),Guava,Other,Large,2000,3000,2500,28-Jun-24
1012,Ajmer,Ajmer(F&V),Guava,Other,Large,2500,3500,3000,04-Jul-24
1017,Ajmer,Ajmer(F&V),Guava,Other,Large,2500,3500,3000,20-Jul-24
